oracle_id,expiry,expiry_dt,entry_spot,realized_vol,trend_pct,momentum_pct,range_pct,basis_bps,mins_to_expiry,hour_utc,day_of_week,vol_regime,spot_above_min_pct,n_prices,settlement_price,atm_strike,label_up,move_pct
0x0dd4755c5a760b4417cc7e9dc0d1281c91e0f61c73dd4657b62ab3e84fe4d129,1780338600000,2026-06-01T18:30:00+00:00,71413.275,1.9443,0.009879,0.004423,0.0124,0.07,1.73,18,0,low,42.8266,100,71483.8197,71413,1,0.098784
0xf1c9ec7b4369359f880b99e2300b68104b06363a38515e1d46193202090766e7,1780337700000,2026-06-01T18:15:00+00:00,71377.2707,2.8883,0.033152,0.013653,0.0331,0.08,1.74,18,0,low,42.7545,100,71391.3308,71377,1,0.019698
0x1fe79f55c9e2a58627466c43a642feb1f65d831e18f03cda8850e34e448f4adf,1780336800000,2026-06-01T18:00:00+00:00,71663.0042,6.9476,-0.045585,-0.01772,0.0472,-1.46,1.74,17,0,medium,43.326,100,71550.7486,71663,0,-0.156644
0xf99cce1fe472e98a7ed30d8c7b2990ae1f7553283c24ab894a473a6c2152f1c7,1780335900000,2026-06-01T17:45:00+00:00,71510.3502,24.765,0.204026,0.070814,0.2151,0.72,1.74,17,0,high,43.0207,100,71648.8919,71510,1,0.193737
0x3e2f5d122913847120b9a7c2114f4f070d3a47fbcdcff8f321e669131e4af648,1780335000000,2026-06-01T17:30:00+00:00,71465.6216,5.8186,-0.006286,0.007832,0.0201,0.31,1.74,17,0,medium,42.9312,100,71636.7461,71466,1,0.23945
0x4490fbf624efc2dda37514391a893286a12de98cf130f7b6c9a7a1c6654f25dd,1780334100000,2026-06-01T17:15:00+00:00,71535.6372,1.8452,-0.000747,0.000686,0.0094,0.06,1.73,17,0,low,43.0713,100,71542.9806,71536,1,0.010265
0x84e9fcc3da6bab053449053add526b309a01428ff8036be303903365ee9b8ecf,1780333200000,2026-06-01T17:00:00+00:00,71434.945,11.6592,0.039014,0.000317,0.0761,-0.43,1.74,16,0,medium,42.8699,100,71471.2019,71435,1,0.050755
0xcce02a9ef7f8d909ed02370f0090463ec7204c6814e860e9ed0e8fe7e3565aa1,1780332300000,2026-06-01T16:45:00+00:00,71251.2849,3.3932,0.014946,0.001801,0.0206,0.39,1.93,16,0,low,42.5026,100,71265.4318,71251,1,0.019855
0x4041729a0d624a0831920d8d11d52505e649af927c756b54861baa9483f52994,1780331400000,2026-06-01T16:30:00+00:00,70948.0724,3.6344,-0.011759,-0.009305,0.0138,0.21,1.73,16,0,low,41.8961,100,70999.6228,70948,1,0.072659
0x1800be5e5ef37b192bd062a37c1b7ee275888ae21d7a689626c7674bc3755945,1780330500000,2026-06-01T16:15:00+00:00,70604.266,8.3501,0.079439,0.047244,0.0917,0.3,1.74,16,0,medium,41.2085,100,70781.5543,70604,1,0.251101
0xfd9fbcf2a7833382ce07a940974c18b0dbf000d5b9583d6a4df9d0a0b8c570d7,1780329600000,2026-06-01T16:00:00+00:00,70998.7727,2.2752,-0.011315,-0.001611,0.0116,-0.19,1.74,15,0,low,41.9975,100,71014.7411,70999,1,0.022491
0xcdf5a5febff6689cb513f5e36e9efd9950ec166e08340864b3273fc5cf1dd564,1780328700000,2026-06-01T15:45:00+00:00,71216.531,3.3117,-0.024485,-0.016843,0.0298,-0.0,1.73,15,0,low,42.4331,100,71192.0573,71217,0,-0.034365
0xd0bb74d2cb368516eeb4e996eb798cfe924d6513d4feb2d3bcf934f308964b40,1780327800000,2026-06-01T15:30:00+00:00,71084.6173,6.2907,-0.056644,-0.030269,0.0758,0.45,1.73,15,0,medium,42.1692,100,70985.166,71085,0,-0.139905
0x45f0a12c6c7e72ffd0fc92fb88a1546d5954126fb47af896b69e0c2118492866,1780326900000,2026-06-01T15:15:00+00:00,71416.9296,4.0321,0.009989,0.017049,0.0265,0.11,1.74,15,0,low,42.8339,100,71409.6422,71417,0,-0.010204
0x33040a3e4f7fc0e4f7bf9a766c8fec37c00b8e6ec8853cf267974265210f42f7,1780326000000,2026-06-01T15:00:00+00:00,71351.3627,5.2937,0.001242,0.007879,0.0209,-0.92,1.74,14,0,medium,42.7027,100,71474.6296,71351,1,0.17276
0xba95fa8d4750f90b23a1d441d9006672ba4ce6e6a5a69a7142575531990c2112,1780325100000,2026-06-01T14:45:00+00:00,71356.9535,11.2667,0.012056,0.033645,0.0814,0.66,1.73,14,0,medium,42.7139,100,71375.897,71357,1,0.026547
0xc2136220b6b4ee521deadcfe3e8f7bc8b5c5ff78149ae020a4416183ca3e95ec,1780324200000,2026-06-01T14:30:00+00:00,71420.3506,5.1124,0.002278,-0.011164,0.0278,-0.71,1.74,14,0,medium,42.8407,100,71429.1877,71420,1,0.012373
0x22fd7a1e422f610e0f56a6fcb0933b8e68df3212a20476a2df27c38cb491b4b9,1780323300000,2026-06-01T14:15:00+00:00,71520.9255,7.1298,0.006938,0.008698,0.0325,-0.62,1.74,14,0,medium,43.0419,100,71546.0961,71521,1,0.035193
0xc81a144923b4bc94977414b19af294b7f48adf8e56b642e2c475ea13145b5055,1780322400000,2026-06-01T14:00:00+00:00,71315.7556,78.6978,0.36903,0.179176,0.8023,0.1,1.73,13,0,high,42.6315,100,71577.3642,71316,1,0.366831
0x3e0aafe88fe92c44574b6d77f8e87adb1845c41308fccb96c6e6781d9d2e4d36,1780321500000,2026-06-01T13:45:00+00:00,71647.8634,6.0606,-0.006807,-0.02313,0.048,-0.16,1.74,13,0,medium,43.2957,100,71553.096,71648,0,-0.132268
0xf6a5b206adcd147ccc8ec42a9ede5161b81e6d5d6085f974acc05fad0aae1df8,1780320600000,2026-06-01T13:30:00+00:00,71772.2613,3.6184,-0.016507,-0.009101,0.0247,-0.02,1.74,13,0,low,43.5445,100,71743.7324,71772,0,-0.039749
0x44552ef85abca7bc10d5c757da8cce7c3659dc6f6df61d7a5358684b773d7977,1780319700000,2026-06-01T13:15:00+00:00,71774.5505,14.258,-0.02741,0.015491,0.0827,-1.45,1.73,13,0,high,43.5491,100,71806.9365,71775,1,0.045122
0xe91b0b47d63969f1706e9bdd82f376c3981dfb7be4e50092eec489ff21f4505c,1780318800000,2026-06-01T13:00:00+00:00,72133.9559,5.0757,0.017346,0.014531,0.0276,-0.09,1.73,12,0,medium,44.2679,100,72120.1756,72134,0,-0.019104
0x41a73dadee290c7d85f8616b3365ca96d966738f3c4b15977e24cf967f957eb8,1780317900000,2026-06-01T12:45:00+00:00,72160.5266,7.0703,-0.024234,-0.011505,0.033,0.54,1.74,12,0,medium,44.3211,100,72203.9632,72161,1,0.060194
0xcf90ae1968a9aa00070da82cc8827c94c98e2d602bf739baaafefb9554f942dd,1780317000000,2026-06-01T12:30:00+00:00,72160.1371,4.0918,-0.021083,-0.011347,0.0234,0.24,1.74,12,0,low,44.3203,100,72137.5854,72160,0,-0.031252
0xfb0e25ef119b5779463349580c7b21f01a69b4ea77100b8b07bde0bd3e034c06,1780316100000,2026-06-01T12:15:00+00:00,71980.3785,5.2448,-0.011534,0.004846,0.026,-0.03,1.73,12,0,medium,43.9608,100,72040.3661,71980,1,0.083339
0xb57a67a484688c9cc10c73a26888de88c3f6c1241b5c6b327c0c51269385d677,1780315200000,2026-06-01T12:00:00+00:00,72481.4389,24.8569,-0.068268,-0.032148,0.0853,0.4,1.74,11,0,high,44.9629,100,72488.7868,72481,1,0.010138
0x3aa4ed1a9558956ea23e29173ed47b85e1073bb1193d5436cdb1ec3920a69a0e,1780314300000,2026-06-01T11:45:00+00:00,72657.7055,2.5587,0.001524,0.003984,0.0137,0.03,1.74,11,0,low,45.3154,100,72651.1637,72658,0,-0.009004
0xf48ed1af1944ecaf6f67805879f35aca41f7b2f378094c1ed30689229c43c60c,1780313400000,2026-06-01T11:30:00+00:00,72584.7085,5.397,0.020771,0.016523,0.0253,0.1,1.73,11,0,medium,45.1694,100,72601.1018,72585,1,0.022585
0x07d14174aec532077f13055c90d680e9abbebefa8f4e54562594f8f6048d8c85,1780312500000,2026-06-01T11:15:00+00:00,72595.9973,2.459,0.018532,0.008431,0.0206,-0.0,1.74,11,0,low,45.192,100,72605.4104,72596,1,0.012966
0x007eb55a2079f70841c223e7d5342937de5820a388527e3291292fe1333ca98d,1780311600000,2026-06-01T11:00:00+00:00,72673.0482,0.8044,0.002936,1.2e-05,0.0043,0.09,1.74,10,0,low,45.3461,100,72677.3102,72673,1,0.005865
0x5740b6f88ee5ff0cc529c26e393b04b47f4c0329af9552878baf0c660a84d7e1,1780310700000,2026-06-01T10:45:00+00:00,72622.2148,3.754,-0.013952,-0.0171,0.025,-0.3,1.73,10,0,low,45.2444,100,72640.3044,72622,1,0.024909
0x593c6e4f7733a7edbf07f5673cffeb7f8641465ede038725e48f065850a0da4b,1780309800000,2026-06-01T10:30:00+00:00,72619.7869,1.032,-0.001253,0.000326,0.0028,0.31,1.73,10,0,low,45.2396,100,72644.0532,72620,1,0.033416
0x3b13cf1dce9c4f08e64d8f653ec68203c51cafd06241a81d7a0fc54e43ef674d,1780308900000,2026-06-01T10:15:00+00:00,72728.8871,1.7274,-0.009628,-0.007646,0.0124,-0.31,1.74,10,0,low,45.4578,100,72702.3349,72729,0,-0.036508
0x4affdb6ae5e641b408ee14ded2f5b2cf0ae0e71db35186464b1bd78fe3755e57,1780308000000,2026-06-01T10:00:00+00:00,72807.1168,2.5646,-0.02128,-0.006759,0.0213,0.02,1.73,9,0,low,45.6142,100,72812.5271,72807,1,0.007431
0xf89ebc9c5ae3cec571081b825cba1edbc54375eaee2144927e1df53701ce3698,1780307100000,2026-06-01T09:45:00+00:00,72848.0196,4.3975,-0.011673,-0.001643,0.0158,-0.0,1.74,9,0,low,45.696,100,72871.7836,72848,1,0.032621
0xacd24f4a6f3b2f8247379a75d112a06ebd84af43575ac0e444b8c57c65f63663,1780306200000,2026-06-01T09:30:00+00:00,72975.0005,3.9363,-0.020791,-0.01598,0.0291,0.98,1.74,9,0,low,45.95,100,72915.0823,72975,0,-0.082108
0xf7f5773d4c302ec1f4575160a7436f8a5d601e2b2ce8067def81beb823d4dc0c,1780305300000,2026-06-01T09:15:00+00:00,72906.7052,1.5842,0.003003,0.002859,0.0088,0.35,1.74,9,0,low,45.8134,100,72874.5019,72907,0,-0.04417
0xdf20f65f056c4001669380e863f6cf1a9c3f0ad0c79cfb9ee6b2a35183922edd,1780304400000,2026-06-01T09:00:00+00:00,72842.7939,2.5325,-0.021188,-0.007285,0.0224,0.32,1.73,8,0,low,45.6856,100,72831.5243,72843,0,-0.015471
0xde8ba07e44e103f65c8da702e3cabdd257258c69e952016cfa621f2a2b9f759a,1780303500000,2026-06-01T08:45:00+00:00,72585.2674,4.571,0.058703,0.028699,0.0589,1.21,1.74,8,0,low,45.1705,100,72693.4681,72585,1,0.149067
0x307f0277db8366ae2df34d0c9f851c7b779cdd845de298aed6cd89a26acc2a2d,1780302600000,2026-06-01T08:30:00+00:00,72690.5237,2.6128,-0.022724,-0.01176,0.0261,-0.19,1.75,8,0,low,45.381,100,72657.0936,72691,0,-0.04599
0x9230ea5d906b61a909290e23aa51dbd86ea13b9a9ea76600fb2ce5d5efd36f85,1780301700000,2026-06-01T08:15:00+00:00,72756.6478,7.586,0.027878,0.016754,0.0351,-0.17,1.73,8,0,medium,45.5133,100,72732.8312,72757,0,-0.032735
0xae146c54e71a57dd3acfe94c557489c722fab5679cc531dbab843f093ed3616d,1780300800000,2026-06-01T08:00:00+00:00,72738.2876,5.7609,-0.033004,-0.031999,0.0498,-0.11,1.74,7,0,medium,45.4766,100,72729.6446,72738,0,-0.011882
0xb46fdd7aee8b5b729358a254a74ec4eb59c2a07ca8878cc77df09b843bae6c38,1780299900000,2026-06-01T07:45:00+00:00,72869.5587,3.7062,0.013706,0.012321,0.0253,0.32,1.74,7,0,low,45.7391,100,72854.0406,72870,0,-0.021296
0x783d057911fa3dc33f1b21a1bdf45309d816c8780edf6e6f3004d7fd9dae5184,1780299000000,2026-06-01T07:30:00+00:00,72910.8219,4.4111,0.012056,0.01411,0.0288,-0.01,1.73,7,0,low,45.8216,100,72864.2122,72911,0,-0.063927
0xd85f6bad505ce8641eef95e502f3b4c2ebd17cf24cde00590f37c4e892cbb56c,1780298100000,2026-06-01T07:15:00+00:00,73053.2824,2.9003,0.005401,-0.000239,0.0106,-0.2,1.73,7,0,low,46.1066,100,73022.7281,73053,0,-0.041825
0x66297a48322fb6ff2043033e2b2152bba46e1c814410e3a39446faa6c6f195c3,1780297200000,2026-06-01T07:00:00+00:00,73034.2895,2.3492,-0.005487,0.000483,0.0078,-0.14,1.74,6,0,low,46.0686,100,73048.3687,73034,1,0.019278
0xf2311044f238c7cbcfe89321a8a38abb4f6ed8d6a74f91b94a9f6da5e366ee0f,1780296300000,2026-06-01T06:45:00+00:00,73021.0052,5.1501,-0.021691,-0.014318,0.0392,0.91,1.74,6,0,medium,46.042,100,72936.7294,73021,0,-0.115413
0xc288d60ac604e641af5a3d46d31821cc09412ce0c88a04c5635b63b4dd9d73bf,1780295400000,2026-06-01T06:30:00+00:00,73140.0692,3.6372,-0.019568,-0.004833,0.0196,0.24,1.73,6,0,low,46.2801,100,73102.9576,73140,0,-0.05074
0x6265f6f033d811abb7d5064de54e71b16ea1bf66f62aac8f50b0618b3eaadb04,1780294500000,2026-06-01T06:15:00+00:00,73213.5521,1.2816,0.001978,0.000957,0.004,0.13,1.74,6,0,low,46.4271,100,73206.9766,73214,0,-0.008981
0xe5eed0c0c809af9e84c86562af56f0632d545080663d04f66bf0f0097b7224ec,1780293600000,2026-06-01T06:00:00+00:00,73267.6599,1.5076,-0.00384,-0.002994,0.0075,0.02,1.74,5,0,low,46.5353,100,73268.4276,73268,1,0.001048
0x9bc23308cb3ce41436abd6e443661df00f0c6f296920772147e95a659190fdd5,1780292700000,2026-06-01T05:45:00+00:00,73313.5803,1.4809,0.007617,0.004488,0.0096,-0.27,1.73,5,0,low,46.6272,100,73325.222,73314,1,0.015879
0xeecdec346fe2b95277120bbb046fdfd07ccf5eba1d689566a0a7a2cc4603d598,1780291800000,2026-06-01T05:30:00+00:00,73300.1738,1.3118,-0.008798,-0.003281,0.0088,0.08,1.74,5,0,low,46.6003,100,73261.8896,73300,0,-0.052229
0x9ac549f109589df4bd19789ec440a5fe59957d43cfa58575e8021a93b6f4debb,1780290900000,2026-06-01T05:15:00+00:00,73408.2569,3.3848,-6e-06,0.003821,0.0165,0.06,1.74,5,0,low,46.8165,100,73437.7654,73408,1,0.040198
0x7f8bc62eba4513bd0abbc11128dada4fa3789e3eeeeadc9c5e80d56317f780ea,1780290000000,2026-06-01T05:00:00+00:00,73491.4938,6.5705,-0.001927,0.011176,0.0255,0.1,1.73,4,0,medium,46.983,100,73433.2411,73491,0,-0.079265
0x57725a6df244c7cf17ffae4234bbd0fcf23f069566897fb4106cd94cd0fc8b92,1780289100000,2026-06-01T04:45:00+00:00,73372.8892,2.0826,-0.001417,0.002244,0.0064,-0.02,1.74,4,0,low,46.7458,100,73386.8549,73373,1,0.019034
0x3e7f4ec3fbadd8ae2647e15f9a3832b77337295b8eeed22d35518c72644dd113,1780288200000,2026-06-01T04:30:00+00:00,73322.4077,5.2282,-0.003224,-0.0156,0.0315,0.26,1.74,4,0,medium,46.6448,100,73332.7267,73322,1,0.014073
0x2dccb382d231790e49ecd4e55bf834b84a5b6849a3a39e5ea225ed2dd02276a9,1780287300000,2026-06-01T04:15:00+00:00,73510.5437,1.7617,-0.006914,-0.001822,0.0094,0.31,1.74,4,0,low,47.0211,100,73505.8236,73511,0,-0.006421
0x54ea5c2c92e1dd749a8f3d23f413b119f7a355a531f2a7c20b46f9065fcd3a41,1780286400000,2026-06-01T04:00:00+00:00,73658.1582,9.2694,0.018168,0.027498,0.0407,-0.1,1.73,3,0,medium,47.3163,100,73686.177,73658,1,0.038039
0xe61791eafdb96466320b58b2b23a0b2bd7ade58fd81c66c304631b0668c3e15b,1780285500000,2026-06-01T03:45:00+00:00,73747.7748,4.6344,-0.013053,-0.001786,0.0255,-0.0,1.74,3,0,low,47.4955,100,73764.7355,73748,1,0.022998
0x066d7371abc3e8f43d6276b08a40e0baddc39b00a362833884a864c649c4f35c,1780284600000,2026-06-01T03:30:00+00:00,73848.868,3.9722,-0.011671,-0.00053,0.0177,-0.1,1.74,3,0,low,47.6977,100,73865.2324,73849,1,0.022159
0xfb69f34c2735f48eb8be1eb7ac0c8e602c727f002399f945a5d431c924a14a6f,1780283700000,2026-06-01T03:15:00+00:00,73792.9371,9.5704,0.034286,0.030065,0.0428,-0.02,1.73,3,0,medium,47.5859,100,73819.4852,73793,1,0.035976
0x4fab3fc452ef29254b2e3035ce4c7325e11a730ddad9e84c5abacc1fc9e0db60,1780282800000,2026-06-01T03:00:00+00:00,73711.3484,3.7928,-0.035966,-0.020428,0.0384,-0.0,1.74,2,0,low,47.4227,100,73717.3763,73711,1,0.008178
0x02a99f6c2f3431478f71ae6e441d8d50f736a4028185e35bb3a915839b5e978d,1780281900000,2026-06-01T02:45:00+00:00,73749.2672,16.0445,0.043943,0.0276,0.078,-2.31,1.74,2,0,high,47.4985,100,73683.485,73749,0,-0.089197
0x8640c0853162ffe824b7789b5f1049021103e1bfba7023e1e7b1e95b427556e1,1780281000000,2026-06-01T02:30:00+00:00,73425.2224,0.8484,-0.00121,-0.001238,0.0035,-0.0,1.73,2,0,low,46.8504,100,73431.8499,73425,1,0.009026
0x90303f34f4db45058388c4111198492cba4acb98451ff58f60130c2faa522a41,1780280100000,2026-06-01T02:15:00+00:00,73461.9624,3.8307,-0.00404,-0.012519,0.0216,0.26,1.74,2,0,low,46.9239,100,73481.4008,73462,1,0.02646
0x9a7a4420f9c6546f430fde4b0610626a89f10615d122ae49e00759c02c189689,1780279200000,2026-06-01T02:00:00+00:00,73234.1776,2.3789,0.008846,-0.000827,0.0109,0.37,1.74,1,0,low,46.4684,100,73177.2134,73234,0,-0.077784
0x8ce492a3d8693e1f21313d2f81f7b14490295d39413dc198a6c86836aef7ce42,1780278300000,2026-06-01T01:45:00+00:00,73443.4313,4.7824,-0.000224,0.003406,0.0226,-0.29,1.73,1,0,low,46.8869,100,73390.5845,73443,0,-0.071956
0xfa6edcdc90bd3c02f1ad4e9514252004eefd1bd4b52b77ca7fcde0c1b8b7de59,1780277400000,2026-06-01T01:30:00+00:00,73534.7601,2.5546,-0.021369,-0.011806,0.0226,-0.13,1.74,1,0,low,47.0695,100,73522.0995,73535,0,-0.017217
0x8ab5659fcb00067b4c76b035b0c424a279eae7f02d154c4aa4ebd8e410e04b51,1780276500000,2026-06-01T01:15:00+00:00,73550.1212,1.7612,0.000503,-0.003702,0.0068,-0.21,1.74,1,0,low,47.1002,100,73484.7727,73550,0,-0.088849
0x5ae3f00d7efacf033f1cbffa7fd19d4a154c0b412f576e3d599a301abfeef593,1780275600000,2026-06-01T01:00:00+00:00,73838.6544,3.0053,-0.034223,-0.019569,0.0368,-0.65,1.74,0,0,low,47.6773,100,73818.9925,73839,0,-0.026628
0xdd885ab48606e3873a6f932d83d3969e263821ac246b024316af2bdcf0976af6,1780274700000,2026-06-01T00:45:00+00:00,73882.3454,4.6463,0.013157,-0.003661,0.0259,-0.0,1.74,0,0,low,47.7647,100,73849.3159,73882,0,-0.044705
0xe9f23f4ee4153d2c0e7b9817087b97c429b16ae6e59b5c7d8c0b3ef51afebea3,1780273800000,2026-06-01T00:30:00+00:00,73843.352,3.7848,-0.000558,0.000895,0.0206,-0.17,1.74,0,0,low,47.6867,100,73892.4644,73843,1,0.066509
0x46a4e6efbae7479d1776c5a5eeac89c6f293ca47a3095f3b9dbdf04b977d0920,1780272900000,2026-06-01T00:15:00+00:00,73649.0128,3.5094,-1.4e-05,0.004059,0.015,0.28,1.74,0,0,low,47.298,100,73748.3904,73649,1,0.134934
0xe8590c3b99fc7071bfdba959dcf84c7c3b2652349777a3ce47bc7f14bad24a86,1780272000000,2026-06-01T00:00:00+00:00,73597.2065,1.4682,-0.010262,-0.004763,0.0107,0.09,1.73,23,6,low,47.1944,100,73606.2239,73597,1,0.012252
0x48d5f8714368a4cfd0e281108dd06844317627aad35c9100f595ea492a53eb0e,1780271100000,2026-05-31T23:45:00+00:00,73443.7348,1.9772,0.014315,0.003861,0.0149,-0.26,1.74,23,6,low,46.8875,100,73483.361,73444,1,0.053954
0xb436d5e44bcf8bbfa29bfa7a2326223d8143a3b8ddcc95c96bf0e747b6c6a2ac,1780270200000,2026-05-31T23:30:00+00:00,73730.8023,3.3673,-0.007501,-0.007032,0.0144,0.07,1.74,23,6,low,47.4616,100,73728.2224,73731,0,-0.003499
0xa719af9f6246d2679a956163de41ee43539ce70363d569cba121d8ca6b1b58c4,1780269300000,2026-05-31T23:15:00+00:00,73858.7988,3.1245,0.014754,0.005773,0.0198,-0.41,1.73,23,6,low,47.7176,100,73835.3628,73859,0,-0.031731
0x7c96a70da64b5fbf3a4b3cc47a09ecdfb98d539459d95ef35120318ae6b1db8d,1780268400000,2026-05-31T23:00:00+00:00,73880.7251,1.7455,0.011668,0.005603,0.0123,-0.1,1.74,22,6,low,47.7615,100,73859.6205,73881,0,-0.028566
0x916475e14c1b774f618ee12aefb4003b0e0aaee191067bbfa20dd73e31e3942c,1780267500000,2026-05-31T22:45:00+00:00,73789.1288,9.3056,0.026374,0.027943,0.0443,-0.0,1.89,22,6,medium,47.5783,100,73807.8858,73789,1,0.02542
0x8069b3eb933a517ba54d519e2597574d8d09ad50e89b3b9c94a24a6cb0d0039f,1780266600000,2026-05-31T22:30:00+00:00,73823.9933,2.5949,-0.022462,-0.0162,0.0258,-0.09,1.74,22,6,low,47.648,100,73805.9938,73824,0,-0.024382
0x14ea34e9a68dfe80447667c39ed1b6a55d61bfffb67818a99628ed3f02f4747f,1780265700000,2026-05-31T22:15:00+00:00,73746.2779,1.8647,0.010728,0.00488,0.0113,0.18,1.73,22,6,low,47.4926,100,73856.3703,73746,1,0.149285
0x130f701bbfe166ab21d34b11b7b9abf79e54d4a7ee2c1e04f86723d7d5387b3f,1780264800000,2026-05-31T22:00:00+00:00,73821.3635,2.5775,-0.029675,-0.015131,0.0309,-0.0,1.74,21,6,low,47.6427,100,73777.4439,73821,0,-0.059494
0x83815ae446e3e6bb571e4f0c61c1295bc80a95edc7e7c8a29a021ace9e401395,1780263900000,2026-05-31T21:45:00+00:00,73610.9411,2.8167,-0.022641,-0.015235,0.0268,0.06,1.74,21,6,low,47.2219,100,73656.4467,73611,1,0.061819
0xad44b7640ea580e50b0649ae0fe8eb3c6a5b6d46815ccf966af7630f1b24b68a,1780263000000,2026-05-31T21:30:00+00:00,73525.1649,1.1074,0.010344,0.005853,0.0103,-0.13,1.73,21,6,low,47.0503,100,73574.5855,73525,1,0.067216
0x00c78f1d14f73a2a2b7338702b7fff4881006a361d293916bba48034099b93a0,1780262100000,2026-05-31T21:15:00+00:00,73638.4704,2.4598,-0.022831,-0.017096,0.0267,-0.02,1.74,21,6,low,47.2769,100,73579.1464,73638,0,-0.080561
0x160872f7ad1214afc608e4b7e90ec07367b7c96b2dacecc73915c658f63ffaed,1780261200000,2026-05-31T21:00:00+00:00,73681.5917,4.172,0.013393,0.006032,0.0174,-0.01,1.74,20,6,low,47.3632,100,73672.7958,73682,0,-0.011938
0x06191b208bc6d7601c0354f7760777dff5f2494a9e33a524750448ee90c3326d,1780260300000,2026-05-31T20:45:00+00:00,73590.4928,4.3621,-0.024222,-0.017355,0.0291,0.15,1.73,20,6,low,47.181,100,73626.6532,73590,1,0.049137
0xc47edc5f72c2236300de3ff58ea05c8bce0eaaa8000df07510b7a81e9f49b43a,1780259400000,2026-05-31T20:30:00+00:00,73587.8951,3.4101,0.020129,0.017589,0.0219,-0.06,1.73,20,6,low,47.1758,100,73587.9487,73588,0,7.3e-05
0x3a1845efda6acae1bade951dc306484f4812fe8e739facf72b6feaefb299e7e7,1780258500000,2026-05-31T20:15:00+00:00,73545.3167,2.26,-0.005044,-0.00376,0.01,-0.1,1.74,20,6,low,47.0906,100,73617.2222,73545,1,0.09777
0x955a82e576182a25786a55b9710c22ea24e2538ca322f9a7416d28c1979ff21c,1780257600000,2026-05-31T20:00:00+00:00,73477.1352,0.9751,-3.8e-05,0.000652,0.0026,-0.01,1.74,19,6,low,46.9543,100,73473.9949,73477,0,-0.004274
0x91b66f69e1b0b8941935d924042526f25bb8222f34a8b9a8a897bb5b88fa46b3,1780256700000,2026-05-31T19:45:00+00:00,73430.1131,9.851,0.043945,0.03579,0.0473,-0.11,1.74,19,6,medium,46.8602,100,73421.4292,73430,0,-0.011826
0x935802d1c8af5316885fbddd39c02a66f33558c160c008c542e4a2580d3e7664,1780255800000,2026-05-31T19:30:00+00:00,73429.8935,1.8592,-0.030409,-0.016553,0.0312,0.07,1.74,19,6,low,46.8598,100,73429.5027,73430,0,-0.000532
0xe9a671cbce56a61fba01caecb24b63c861e4d511b5cadc8f69136826c00c2ad3,1780254900000,2026-05-31T19:15:00+00:00,73520.7497,2.2849,0.008558,0.00705,0.0149,0.1,1.74,19,6,low,47.0415,100,73514.5584,73521,0,-0.008421
0xa13e4010287d3c90a0d752dc12e11037f3698964b96a830da9c37c39665d0b01,1780254000000,2026-05-31T19:00:00+00:00,73519.0614,0.9444,0.004315,0.002018,0.005,-0.0,1.73,18,6,low,47.0381,100,73515.6113,73519,0,-0.004693
0xf25761d6f2df9c3e8a88167837298c3e20ceaaae235ca4b2c7b6e2eed0462ee9,1780253100000,2026-05-31T18:45:00+00:00,73528.6582,1.5599,0.00515,0.001824,0.0071,-0.03,1.74,18,6,low,47.0573,100,73534.787,73529,1,0.008335
0x78c2a4b40022617afaf62684a4403cc3678861b9c218e9daaaf149ec511e1def,1780252200000,2026-05-31T18:30:00+00:00,73574.1468,1.4492,0.009127,0.001403,0.0104,-0.23,1.74,18,6,low,47.1483,100,73568.8199,73574,0,-0.00724
0x518df64b33490bfc57081cd3cd4bb964ef87a74843088ceb1d68c75801cb765a,1780251300000,2026-05-31T18:15:00+00:00,73604.6308,2.2333,0.00228,0.004131,0.0094,-0.0,1.75,18,6,low,47.2093,100,73546.1178,73605,0,-0.079496
0xbdf49f35b116b566c41d6335cb5bf1d57d5eaedd1f82abe1311670bbd7c406c7,1780250400000,2026-05-31T18:00:00+00:00,73598.1276,1.0556,-0.000469,-5.9e-05,0.003,-0.11,1.73,17,6,low,47.1963,100,73614.9666,73598,1,0.02288
0x70fbd3bf27220599310801f8df645728fc0116a87b9e8481fda65ee44db34570,1780249500000,2026-05-31T17:45:00+00:00,73582.5637,1.5494,0.012248,0.00781,0.0122,0.11,1.74,17,6,low,47.1651,100,73627.3902,73583,1,0.06092
0xfc509967839f277bb3b4d09ddf3e2994090e77b066dfbc8ca91b756f3a2e8a3b,1780248600000,2026-05-31T17:30:00+00:00,73496.7794,15.2364,0.036017,0.025683,0.0652,0.22,1.74,17,6,high,46.9936,100,73504.6141,73497,1,0.01066
0x353cfff4b6af080054eee04f68ae7bfdabcfe44a7f45a2cbafeae30fb972fc8d,1780247700000,2026-05-31T17:15:00+00:00,73402.3394,1.1871,-0.000746,-0.000391,0.0028,-0.0,1.73,17,6,low,46.8047,100,73425.6387,73402,1,0.031742
0x4bdb2a749414918e700546661735d92f63448004c2b249643755c029091513f1,1780246800000,2026-05-31T17:00:00+00:00,73454.6984,2.2991,-0.02511,-0.013403,0.0266,-0.02,1.74,16,6,low,46.9094,100,73424.903,73455,0,-0.040563
0x501afaa73e7cd4ca16ace667bd1b475075f08655d5e05466fadf6bd04360a3b1,1780245900000,2026-05-31T16:45:00+00:00,73427.4267,1.3796,-0.013839,-0.008929,0.0145,0.07,1.74,16,6,low,46.8549,100,73409.5383,73427,0,-0.024362
0x0530bb378ee9a23b723fc6404ac2a2a90eb4a4e3842394596d39220744d27d3a,1780245000000,2026-05-31T16:30:00+00:00,73485.1433,0.7923,-0.003707,-0.001412,0.0045,-0.03,1.74,16,6,low,46.9703,100,73527.1808,73485,1,0.057205
0x47e31214abe7699bf6cc18b39da3abb27b881deeafc08789d80c426ea89749d2,1780244100000,2026-05-31T16:15:00+00:00,73572.6753,1.4124,-0.015311,-0.007284,0.0156,0.09,1.74,16,6,low,47.1454,100,73549.2853,73573,0,-0.031792
0x7a109f369e3407ab30b060342e64711e4a6f7b457060bbe4e9ecbd1450025df2,1780243200000,2026-05-31T16:00:00+00:00,73563.5516,3.6452,-0.011433,-0.004193,0.0172,0.23,1.74,15,6,low,47.1271,100,73572.9096,73564,1,0.012721
0xe06388c5bee9cc63b49bf148d7a95cc860598b6b2ba49a0a4634abcc2969f125,1780242300000,2026-05-31T15:45:00+00:00,73548.7421,2.8721,-0.024312,-0.01115,0.0243,-0.14,1.74,15,6,low,47.0975,100,73540.4929,73549,0,-0.011216
0xe535decfc3a5a8ece1c0dadaaefaeea8f5d7c321ae942ead234aeea13493a371,1780241400000,2026-05-31T15:30:00+00:00,73676.7265,2.099,-0.008603,-0.001744,0.0106,0.11,1.73,15,6,low,47.3535,100,73645.4586,73677,0,-0.042439
0x1a7089d2fd352355789f9430dbf2d65072498f68d4db3e9a46b5ece32e14d1c1,1780240500000,2026-05-31T15:15:00+00:00,73581.1892,1.6635,-0.002443,-0.000571,0.0046,0.1,1.74,15,6,low,47.1624,100,73574.8589,73581,0,-0.008603
0x5e4c86e259d30f34eec3203ae792c698892baabfe114cb4dacdec82b7dc1b90a,1780239600000,2026-05-31T15:00:00+00:00,73527.435,3.8382,-0.024067,-0.009981,0.0262,0.15,1.74,14,6,low,47.0549,100,73496.9258,73527,0,-0.041494
0x6bbbfb4c0df551f93a077a29d3bc7e19193da142db0f229f36b5953950834c2f,1780238700000,2026-05-31T14:45:00+00:00,73564.9983,8.0545,0.032986,0.029767,0.0378,0.0,1.73,14,6,medium,47.13,100,73541.9006,73565,0,-0.031398
0xacba87a9477663800f5fece34ee7e5cc1b71278c8fc70d61ad99f4088d3b262e,1780237800000,2026-05-31T14:30:00+00:00,73469.2725,7.5778,0.078128,0.053284,0.0817,0.08,1.74,14,6,medium,46.9385,100,73484.8087,73469,1,0.021146
0x9b0b8379e2919c345ea26297df5be6feaa332d4b35ccf4e1c64e0f67ddfe99af,1780236900000,2026-05-31T14:15:00+00:00,73704.0631,0.978,-0.006317,-0.001844,0.0068,0.47,1.74,14,6,low,47.4081,100,73651.963,73704,0,-0.070688
0x9e32da16c3292a694436f7061d3292dcd792f0be8542ece076987921f99ef30f,1780236000000,2026-05-31T14:00:00+00:00,73753.2328,8.9834,0.052197,0.046129,0.0607,0.1,1.74,13,6,medium,47.5065,100,73767.7047,73753,1,0.019622
0x445f45d2e7e06769319603f3b20a8568888e0c7f1f6f74c67db21f6b82b5d600,1780235100000,2026-05-31T13:45:00+00:00,73787.5916,1.3603,0.000306,-0.000407,0.0033,-0.2,1.73,13,6,low,47.5752,100,73792.5842,73788,1,0.006766
0x18967cf01797c92f3bac82da6b4cc6d8ce9a78b8532e89b513a924e240137f61,1780234200000,2026-05-31T13:30:00+00:00,73851.461,1.1765,0.002045,-3.6e-05,0.0041,-0.0,1.74,13,6,low,47.7029,100,73865.71,73851,1,0.019294
0xcd6b396ffd9b494aeedb05d0a9ab00f410d17813a3928a5f6355070455acc3c3,1780233300000,2026-05-31T13:15:00+00:00,73888.588,7.3657,-0.051213,-0.037284,0.0538,-0.04,1.74,13,6,medium,47.7772,100,73839.9896,73889,0,-0.065773
0xb79bf43eee9b320c72fe5b08e4fcac3071486b84d4cf7c53c27c739b30d95dd5,1780232400000,2026-05-31T13:00:00+00:00,73835.4955,3.3119,-0.02725,-0.016042,0.0273,-0.01,1.73,12,6,low,47.671,100,73840.1119,73835,1,0.006252
0x356abd486fdb7d129b5a58d11802674a9172dd6b2104d03cc0c397f1fb25764c,1780231500000,2026-05-31T12:45:00+00:00,73867.4033,0.9262,0.004338,0.003333,0.0063,-0.07,1.74,12,6,low,47.7348,100,73879.5122,73867,1,0.016393
0x294023dffee025dd46c41335ae51fb3f784955b325f6cae548ce72d4bdbccf41,1780230600000,2026-05-31T12:30:00+00:00,73831.6644,7.1719,0.036941,0.031919,0.0385,-0.0,1.74,12,6,medium,47.6633,100,73844.5413,73832,1,0.017441
0xd92cdfeeaf8aa1c3da60f25b732a651ed3eaf71263dc38a2228be44e4f8e4844,1780229700000,2026-05-31T12:15:00+00:00,73798.4674,1.2329,-0.001385,-0.000264,0.0026,-0.2,1.73,12,6,low,47.5969,100,73813.0197,73798,1,0.019719
0x7116e5f50a4661a44e5cc7d2d5ebd82ec47bfb89d1c582e8dc191812c10e25d7,1780228800000,2026-05-31T12:00:00+00:00,73864.1271,1.9607,0.001184,-0.002374,0.0068,-0.12,1.74,11,6,low,47.7283,100,73863.1863,73864,0,-0.001274
0x41d80a4074e36826370b7693ffc1db60461217d533b8f7e09e016cbc869b7981,1780227900000,2026-05-31T11:45:00+00:00,73830.0261,1.2619,-0.000719,-0.001471,0.0046,-0.06,1.74,11,6,low,47.6601,100,73857.6161,73830,1,0.03737
0x9e0433ef40c86aed8951a3d529844863c3bb756a7d1378c79436a32c4a6f064d,1780227000000,2026-05-31T11:30:00+00:00,73889.0372,1.0811,-0.001802,-0.002604,0.0043,-0.01,1.91,11,6,low,47.7781,100,73892.9531,73889,1,0.0053
0xe4ad9ee26d7d18b98772a23d798638f8f98a4d8464b562516baa11c50f61e8c0,1780226100000,2026-05-31T11:15:00+00:00,73795.1992,1.2126,0.003779,0.001794,0.0054,-0.21,1.74,11,6,low,47.5904,100,73834.3409,73795,1,0.053041
0x75d14ac88a2285d9856775b115d4dbb6066e5eec14682773771eb40c58bf0f80,1780225200000,2026-05-31T11:00:00+00:00,73781.7951,7.7576,0.035245,0.029075,0.0382,-0.05,1.74,10,6,medium,47.5636,100,73815.4527,73782,1,0.045618
0xb39cd68b2bd40f979c0ffa8300c53ecc28a07bfbe794f2e1a081230050347c65,1780224300000,2026-05-31T10:45:00+00:00,73733.4616,3.7815,-0.017744,-0.006147,0.0236,0.17,1.73,10,6,low,47.4669,100,73729.4149,73733,0,-0.005488
0xae559af2194ed7a90e666bc05637ad4192fd671543b9ac4d345c6f7ca9758109,1780223400000,2026-05-31T10:30:00+00:00,73695.1323,1.493,0.004503,0.004727,0.0085,-0.0,1.74,10,6,low,47.3903,100,73704.1589,73695,1,0.012249
0x0e39161aba24322ca8f0ad10eb5da8110e4de7ac4ef22c00dcb4b3fb14675e18,1780222500000,2026-05-31T10:15:00+00:00,73762.6334,3.3037,-0.021053,-0.015828,0.0224,0.31,1.74,10,6,low,47.5253,100,73775.4003,73763,1,0.017308
0xee1ad34bfb48e97ceeae2931a87a005085d7c2611e4d5f92fb847feb26645885,1780221600000,2026-05-31T10:00:00+00:00,73752.127,1.9475,0.00089,0.001712,0.0075,0.09,1.73,9,6,low,47.5043,100,73744.1141,73752,0,-0.010865
0x36198608c2c9b294d61e53bfa1fdb132142efbed07f1cc978256102945a92c11,1780220700000,2026-05-31T09:45:00+00:00,73900.2056,9.4049,0.011562,0.012019,0.0371,-0.0,1.74,9,6,medium,47.8004,100,73868.5548,73900,0,-0.042829
0x4f159c1a121c5e889f97d8fbb40d36e9cbd02fc578d0a171f623d7c846184fdd,1780219800000,2026-05-31T09:30:00+00:00,73874.3498,1.5386,0.005881,0.004752,0.0078,0.07,1.74,9,6,low,47.7487,100,73852.7014,73874,0,-0.029304
0x9b40c1f8165d3dcbdc8e7adeeed75cb3f8a3ed05f78f5b564d428c164d480bc6,1780218900000,2026-05-31T09:15:00+00:00,73844.4094,2.6933,-0.011263,-0.001894,0.0157,0.02,1.74,9,6,low,47.6888,100,73800.5001,73844,0,-0.059462
0xafcfca71e7e41687e35dd516d5c99ec28e339e33da275a6cee90fd572f500285,1780218000000,2026-05-31T09:00:00+00:00,73860.0586,1.384,-0.00578,-0.002244,0.0088,0.06,1.74,8,6,low,47.7201,100,73826.3398,73860,0,-0.045652
0x06a5359733da17aaf81b283a81631d566f42cdf31a7fcfe140949de865cbf54e,1780217100000,2026-05-31T08:45:00+00:00,73762.1917,1.1127,4.3e-05,-0.00058,0.0038,0.0,1.74,8,6,low,47.5244,100,73781.7621,73762,1,0.026532
0x5d219a4385de1aaee0e660750349c6a305462afa64d53dca5dd1869b3187d951,1780216200000,2026-05-31T08:30:00+00:00,73878.2354,1.7915,0.002127,0.001118,0.0053,0.34,1.74,8,6,low,47.7565,100,73874.6759,73878,0,-0.004818
0x31b9f8fda8d9d5b7eb5c7720ebbf57ff0cd1a50667274f423131239f54b38092,1780215300000,2026-05-31T08:15:00+00:00,73775.033,2.459,0.014478,0.007376,0.0164,0.05,1.73,8,6,low,47.5501,100,73806.0163,73775,1,0.041997
0xaed6e40b40b51e8c998f5f932fdf1c3fb5eebb99cb6c64ad0c53bda48898c144,1780214400000,2026-05-31T08:00:00+00:00,73772.4968,0.7914,-0.000959,-0.000643,0.0037,-0.0,1.74,7,6,low,47.545,100,73764.1235,73772,0,-0.01135
0xcb92f66a4d74338b6dad9d0d7dce1d0ebdc68b5ea70f14a2212399383a5944ec,1780213500000,2026-05-31T07:45:00+00:00,73751.4525,7.7008,0.028452,0.026559,0.0333,-0.0,1.74,7,6,medium,47.5029,100,73758.8539,73751,1,0.010036
0x853b24b80e2b04a17f1140559c1fb9304fbfd8216fc43f2833219ca2364df7ba,1780212600000,2026-05-31T07:30:00+00:00,73815.5064,1.7097,-0.003269,-0.000655,0.0061,0.16,1.73,7,6,low,47.631,100,73800.0974,73816,0,-0.020875
0xecd83fc68c7f98621ce8755ba041201af248f04f6473f3ffdf37cb11c7c23975,1780211700000,2026-05-31T07:15:00+00:00,73897.5098,3.3391,0.02555,0.017591,0.0279,0.13,1.74,7,6,low,47.795,100,73872.9593,73898,0,-0.033222
0x4e2475b1d4b9c51d87d7a4036f375c28c006b6565b62efa54f95ba8e59ec379b,1780210800000,2026-05-31T07:00:00+00:00,73955.0636,6.8225,0.039132,0.030024,0.0401,-0.0,1.74,6,6,medium,47.9101,100,73951.5112,73955,0,-0.004804
0x30d77aacfd6d3db05a07d81efb94019046709b64d270f74bcc73432629c42d0c,1780209900000,2026-05-31T06:45:00+00:00,73971.1172,13.3257,0.077275,0.065044,0.0798,0.44,1.73,6,6,high,47.9422,100,73960.3333,73971,0,-0.014579
0xe3c26e5bd35c1c4fada35977e8ebe7ced75a802a01f0ded90a090b63fe742093,1780209000000,2026-05-31T06:30:00+00:00,73921.676,1.139,0.007434,0.002889,0.0075,-0.39,1.74,6,6,low,47.8434,100,73913.2625,73922,0,-0.011382
0xdbc4ecd31f3bea18fa254943423d0045e003333753b1f874a8fabb9b8561fac4,1780208100000,2026-05-31T06:15:00+00:00,73905.4814,0.7703,0.000939,-0.00012,0.0021,0.09,1.74,6,6,low,47.811,100,73898.3873,73905,0,-0.009599
0xbe0b46d88d8a3c23e8afa2edf1ec3f62abaa507cd4b9fcdb32a4ee7bc77d0cf8,1780207200000,2026-05-31T06:00:00+00:00,73983.8891,5.0114,-0.010262,-0.010317,0.0199,0.07,1.73,5,6,medium,47.9678,100,73959.2098,73984,0,-0.033358
0xbd698cbe4a4d403c1e0f533f153fef704a925dac58b6bf0bb3d2bfb23d102823,1780206300000,2026-05-31T05:45:00+00:00,74017.9932,2.4628,-0.001257,-0.000185,0.0067,0.08,1.74,5,6,low,48.036,100,74020.0288,74018,1,0.00275
0xb3413df90de55038e9058801728bcdeae28c41a1fcc0f7868e3a8bd8a946c010,1780205400000,2026-05-31T05:30:00+00:00,74040.4016,0.5009,0.002323,0.001193,0.0023,-0.05,1.74,5,6,low,48.0808,100,74089.1134,74040,1,0.065791
0xfbdd24d0f72fad9b70e598e98324fdee39389f8fca43618ed77d66ad0ec8f98f,1780204500000,2026-05-31T05:15:00+00:00,74115.7486,2.1121,-0.03436,-0.017228,0.0344,0.7,1.74,5,6,low,48.2315,100,74069.0762,74116,0,-0.062972
0xcb9dac8c3e012fc23fd4dfa25aef50d6ba298c0d3d897a9ef32581470e07afb5,1780203600000,2026-05-31T05:00:00+00:00,74126.0593,6.3327,0.020638,0.019472,0.0362,0.5,1.73,4,6,medium,48.2521,100,74076.8779,74126,0,-0.066348
0x334feaa07384dcc3878b5dc356b39d2164541cb2fef3588eead1c98f1ec8701d,1780202700000,2026-05-31T04:45:00+00:00,74107.1309,5.2396,-0.032232,-0.023511,0.0359,-0.01,1.74,4,6,medium,48.2143,100,74115.9017,74107,1,0.011835
0x03bbe89468aa3623f4e4e7d93492ad35cbb0a0eb5e4cded936cc409fbc7c24a5,1780201800000,2026-05-31T04:30:00+00:00,74121.6077,5.6353,-0.02991,-0.010457,0.032,-0.01,1.74,4,6,medium,48.2432,100,74073.9881,74122,0,-0.064245
0xe75e0355c531deff2172fa0ec96116417847388db911310dbdf618b1f8b966d8,1780200900000,2026-05-31T04:15:00+00:00,74019.6422,2.6645,-0.004348,0.00255,0.0117,0.09,1.73,4,6,low,48.0393,100,74044.698,74020,1,0.03385
0x642d917206543a569bac77d353d5b8020591ca265e095048c5879b029bb04e60,1780200000000,2026-05-31T04:00:00+00:00,74059.4868,3.2736,-0.016754,-0.011894,0.0236,0.08,1.74,3,6,low,48.119,100,74041.9733,74059,0,-0.023648
0x0f9680ccacd5a7d2dcc415d9031e018421354cb98f6aa4676dba1e0555be9d2e,1780199100000,2026-05-31T03:45:00+00:00,74073.1501,1.6433,0.003813,0.003654,0.0072,-0.0,1.74,3,6,low,48.1463,100,74081.3848,74073,1,0.011117
0x90d83a45c47ece83aa15511b7eafd5def746ea699553ce17c73a2200cea1362b,1780198200000,2026-05-31T03:30:00+00:00,74078.1022,10.3235,0.043003,0.038769,0.0451,0.1,1.73,3,6,medium,48.1562,100,74122.0293,74078,1,0.059298
0xe0e2921bf0cf95014a68c78727a69b2f78859127aeed2497fa93453c66f727ec,1780197300000,2026-05-31T03:15:00+00:00,74040.3054,15.1989,-0.010599,0.023161,0.0549,0.1,1.74,3,6,high,48.0806,100,74048.9238,74040,1,0.01164
0x70543887943a2c0490d47b67a917456277ff8fecd9eaaeb27c1e1e611cbff0f9,1780196400000,2026-05-31T03:00:00+00:00,73995.208,2.8344,0.006847,0.003861,0.0122,-0.01,1.74,2,6,low,47.9904,100,73985.4042,73995,0,-0.013249
0x7d8b00f181ea23ceb468e5c0e70ce014e82d36a43a441a75de428fdec36f3714,1780195500000,2026-05-31T02:45:00+00:00,73863.3296,3.2192,-0.013195,-0.007368,0.0144,-0.12,1.74,2,6,low,47.7267,100,73868.7525,73863,1,0.007342
0xada932252c940c93ec046dada8616e395aad34fa86f5aab53b49e61b84b75fb1,1780194600000,2026-05-31T02:30:00+00:00,73999.7392,7.4143,-0.082357,-0.05287,0.0873,-0.08,1.73,2,6,medium,47.9995,100,73894.9228,74000,0,-0.141644
0x780ea52df3fa6cbba8f10cc7b36f84a811837b0da526299df8580c7bc5fca5b6,1780193700000,2026-05-31T02:15:00+00:00,74057.4979,1.1682,0.002414,-0.000395,0.0046,0.04,1.74,2,6,low,48.115,100,74069.6819,74057,1,0.016452
0x6a26e110016f82ba53d71290a9e688146aeb7b47917424cffb70e42f608a818e,1780192800000,2026-05-31T02:00:00+00:00,73975.6248,6.8304,0.014914,0.023415,0.0345,0.1,1.74,1,6,medium,47.9512,100,73948.6829,73976,0,-0.03642
0x5fa2b45c7383b8d1c5e75226399e30f087996d122334906643ddb0ecb501c696,1780191900000,2026-05-31T01:45:00+00:00,74000.1695,7.0626,0.010144,0.013042,0.0274,0.35,1.73,1,6,medium,48.0003,100,73990.606,74000,0,-0.012924
0xf0f0599fae7a5046b749d99f1fcb461875ea566df781874c60ed870e20fa1562,1780191000000,2026-05-31T01:30:00+00:00,74109.8178,5.0379,-0.06665,-0.032922,0.0678,-0.02,1.74,1,6,medium,48.2196,100,73994.9206,74110,0,-0.155036
0x53e7f9dd6775cf863c522e284bbd25546c24376d18050d5bcc5a3e97b2e57afc,1780190100000,2026-05-31T01:15:00+00:00,74042.9878,2.0012,-0.014047,-0.007212,0.0153,0.07,1.74,1,6,low,48.086,100,74038.1923,74043,0,-0.006477
0x1833e200eaf9dab85325147b2c8a70e0294ce76aff90567b7dfa59121633850d,1780189200000,2026-05-31T01:00:00+00:00,73907.6023,8.0031,0.056749,0.042277,0.0567,-0.02,1.74,0,6,medium,47.8152,100,73931.5776,73908,1,0.03244
0x2709d76a224ea11f32a889b93a85a1502d8e8af81ea707351b0f57b81a0137f4,1780188300000,2026-05-31T00:45:00+00:00,73861.2101,7.5343,0.019413,0.016464,0.0329,0.15,1.73,0,6,medium,47.7224,100,73844.8014,73861,0,-0.022216
0x142e10362f9ba3d6db1a5383b166fab0c3a888c8ea9897bd48d2aea3febda79a,1780187400000,2026-05-31T00:30:00+00:00,73935.8292,8.3088,-0.054234,-0.03049,0.0563,-0.02,1.74,0,6,medium,47.8717,100,73860.5192,73936,0,-0.101859
0x67379a126ea985c7567a4e1b028ac8d7df9b4ed5b9ed3584436470977dbb75ea,1780186500000,2026-05-31T00:15:00+00:00,73801.1687,9.7861,0.05033,0.034343,0.0513,-0.2,1.74,0,6,medium,47.6023,100,73783.4285,73801,0,-0.024038
0x7468da97848777b11dbb7d41df32e8834371dbbd92c40ff0dd40e4ef38f5de10,1780185600000,2026-05-31T00:00:00+00:00,73787.9243,1.9455,0.007679,0.00695,0.0115,0.08,1.73,23,5,low,47.5758,100,73824.4308,73788,1,0.049475
0x77a9e92e7966c6af21b0ddfd5dd5724d29b99fb6857dd1d5e1d59cb572a657c1,1780184700000,2026-05-30T23:45:00+00:00,73722.0499,9.0705,0.020011,0.018994,0.0364,-0.02,1.74,23,5,medium,47.4441,100,73702.7707,73722,0,-0.026151
0xc797fd8bbb012058464fddca2fce3c75be1f34fcd678208e240a628afdeb0ab0,1780183800000,2026-05-30T23:30:00+00:00,73770.9063,1.7672,-0.009811,-0.00354,0.0098,-0.0,1.74,23,5,low,47.5418,100,73746.6375,73771,0,-0.032898
0x3c3c9385f3cf8fec8c927f8da13b56579527be7548866d3489896c22b9a97a36,1780182900000,2026-05-30T23:15:00+00:00,73747.6733,0.7936,-0.00332,-0.000917,0.0039,-0.01,1.74,23,5,low,47.4953,100,73747.8796,73748,0,0.00028
0x4f739f9210df350f3059b77c4732bf1501261d636a25902434ea37c057db51e0,1780182000000,2026-05-30T23:00:00+00:00,73765.9087,2.9714,0.023341,0.011849,0.0271,-0.0,1.74,22,5,low,47.5318,100,73780.5579,73766,1,0.019859
0x37de9a0241d867e7dad1d2dec38e148361a195fd7b163ea2b78152e858ace578,1780181100000,2026-05-30T22:45:00+00:00,73728.8426,0.9906,-0.003745,-0.000347,0.0037,-0.03,1.74,22,5,low,47.4577,100,73718.2903,73729,0,-0.014312
0x4b3a26a72ce47f33091f71fef736319e8e295aea43098fa0881a4e621f24c0fb,1780180200000,2026-05-30T22:30:00+00:00,73776.7246,11.0118,0.038846,0.044257,0.0486,-0.07,1.74,22,5,medium,47.5534,100,73801.0055,73777,1,0.032911
0x5d782ea05fa3331b8d8a515ef9d8c8af2221ec8ce3b064adba2e8f9ae1bc4ad0,1780179300000,2026-05-30T22:15:00+00:00,73830.5191,2.0551,0.007174,0.004431,0.0104,0.0,1.73,22,5,low,47.661,100,73833.5114,73831,1,0.004053
0x763eb4178c0ffa9f8ba2530bbcee6526f082c594d96688e71a7c3ecf31a5441b,1780178400000,2026-05-30T22:00:00+00:00,73893.8333,2.2826,0.014086,0.009615,0.0175,-0.0,1.74,21,5,low,47.7877,100,73867.7685,73894,0,-0.035273
0xb8aabffbf0300c5be3d015c735d5e2cdfdb26d709a99a614e61e2065f69ea61e,1780177500000,2026-05-30T21:45:00+00:00,73908.8618,8.8497,0.064654,0.044403,0.0646,-0.1,1.74,21,5,medium,47.8177,100,73878.7856,73909,0,-0.040694
0x33840671cd3c57f6dec0858cf1adfec3193181b61ae0adfbe7e9e2b6494376a0,1780176600000,2026-05-30T21:30:00+00:00,73917.5393,1.7401,0.00342,0.004635,0.0094,0.44,1.73,21,5,low,47.8351,100,73913.8007,73918,0,-0.005058
0x71dc2a33458c3d3b705bb5164510c4e589329cda42915f1e62e31336a2647ac6,1780175700000,2026-05-30T21:15:00+00:00,73897.9094,1.8907,-0.021921,-0.013512,0.0227,0.06,1.74,21,5,low,47.7958,100,73911.0613,73898,1,0.017797
0x0010b1e4c5abaf6c86d2c92cd6c4167eb2b828102e283571b7fe2b73401822ef,1780174800000,2026-05-30T21:00:00+00:00,73860.7913,8.6446,0.03801,0.030095,0.0397,-0.01,1.74,20,5,medium,47.7216,100,73886.0066,73861,1,0.034139
0xaf7d4046a413691a1c663a2424252a98c7ca0ea87306fd0424cd9dc92fb12210,1780173900000,2026-05-30T20:45:00+00:00,73852.512,5.4313,0.029141,0.02084,0.0301,-0.07,1.73,20,5,medium,47.705,100,73852.4936,73853,0,-2.5e-05
0x61c28983e11333ab33376bcccd56fcdf8f410e6a62ca0e3853b1c0274a3a3826,1780173000000,2026-05-30T20:30:00+00:00,73867.6215,8.3905,0.027796,0.027811,0.0375,-0.0,1.74,20,5,medium,47.7352,100,73859.6943,73868,0,-0.010732
0xa89448ed6d5f9c05ebe05b9248d0b2acdb53b611c67b9ab552ab083ec1db4958,1780172100000,2026-05-30T20:15:00+00:00,73900.554,2.0986,-0.03191,-0.016939,0.0319,0.01,1.74,20,5,low,47.8011,100,73852.7953,73901,0,-0.064626
0x8f367c3b74ba0afd85c6573c1a7b06563dc18e1b2861b2f3e5e5df0fa71f08fb,1780171200000,2026-05-30T20:00:00+00:00,73920.135,0.6151,-0.003818,-0.00173,0.0038,-0.09,1.74,19,5,low,47.8403,100,73910.1619,73920,0,-0.013492
0x3fd6e917397d670c68fe1f966561be4983686f0439d50dce6ac402eea6563302,1780170300000,2026-05-30T19:45:00+00:00,73929.6725,7.5841,0.014495,0.015877,0.0306,0.0,1.73,19,5,medium,47.8593,100,73923.694,73930,0,-0.008087
0xa21e478188013b5f09f26f24a744d622155dc88f4a5c4d9f44fa834c4928e3eb,1780169400000,2026-05-30T19:30:00+00:00,73933.1121,5.0937,-0.016594,-0.008639,0.0214,0.05,1.74,19,5,medium,47.8662,100,73891.294,73933,0,-0.056562
0xc8edbc2c84d30cfae0a943c1fec08bf61bba8ca0f3c2377904ea390e63c9feb7,1780168500000,2026-05-30T19:15:00+00:00,73935.243,4.4114,-0.004373,0.00056,0.0182,-0.0,1.74,19,5,low,47.8705,100,73940.4175,73935,1,0.006999
0xa1329a58b87388ed54582bac0e7a52c11011dd07caea8f5e4959317b787a3666,1780167600000,2026-05-30T19:00:00+00:00,73975.7924,7.3138,0.007205,0.015156,0.0291,0.16,1.73,18,5,medium,47.9516,100,73978.0065,73976,1,0.002993
0x0408efd7a3cad16a87f72700a3a1be207399c99c362335d2427b097b66f89cb3,1780166700000,2026-05-30T18:45:00+00:00,73943.1919,9.4483,0.030699,0.029142,0.0408,0.1,1.74,18,5,medium,47.8864,100,74046.4059,73943,1,0.139586
0xd6c217dd8e901fe7f592772a43b85956f7cc91aa825eedfc67be3ba608b89581,1780165800000,2026-05-30T18:30:00+00:00,73885.3044,6.0456,-0.025019,-0.012471,0.0406,0.15,1.74,18,5,medium,47.7706,100,73907.4133,73885,1,0.029923
0x0a5b31ab07219fe15dce0e0799ff7cb03787ed0cced64b1f2725ee2c68e488d1,1780164900000,2026-05-30T18:15:00+00:00,73915.9103,0.6448,0.002603,0.000584,0.0027,0.0,1.74,18,5,low,47.8318,100,73921.6138,73916,1,0.007716
0x8dedab8a57489238d0c8ba7019836011561ba2115b1c38ad841b80b61a15c549,1780164000000,2026-05-30T18:00:00+00:00,73964.0931,12.7913,-0.05438,-0.040639,0.0731,-0.05,1.73,17,5,high,47.9282,100,73933.7301,73964,0,-0.041051
0x84c533271f14add4368a23ab9426a060670336b9d50793c22f3ecccd2e768226,1780163100000,2026-05-30T17:45:00+00:00,73837.6402,1.9129,-0.000781,0.003029,0.0087,0.0,1.74,17,5,low,47.6753,100,73859.1666,73838,1,0.029154
0x93780630e481a213322aa6714765699ebff4397ace3a7416b600cee32166c7a3,1780162200000,2026-05-30T17:30:00+00:00,73863.9436,7.7757,0.025537,0.02894,0.0366,0.88,1.74,17,5,medium,47.7279,100,73828.3625,73864,0,-0.048171
0xcd3a46da4997ab9dd0c5749541fff77a5e1b812061c1187ee8efc57612afa6bf,1780161300000,2026-05-30T17:15:00+00:00,73799.8728,1.0032,0.000392,-0.000335,0.0032,0.06,1.73,17,5,low,47.5997,100,73831.116,73800,1,0.042335
0xeb19657d50f30ab85632d8bd1a8a6bff35b5d917bafbd98630eafedf2b1379f9,1780160400000,2026-05-30T17:00:00+00:00,73858.4706,1.5979,-0.024238,-0.015169,0.0257,0.16,1.73,16,5,low,47.7169,100,73844.0392,73858,0,-0.019539
0x1b4856b1653488f50c9cbd4a985c2418c0829e4fdc06bacff637067bf1aa47c9,1780159500000,2026-05-30T16:45:00+00:00,73868.6739,2.0721,0.010249,0.003538,0.013,-0.0,1.74,16,5,low,47.7373,100,73864.2447,73869,0,-0.005996
0xd274f5700d8c143670e221442126952efc18e44a7aa077f66a3fcbbb7e6fde3f,1780158600000,2026-05-30T16:30:00+00:00,73831.4833,0.8557,0.002302,0.00126,0.0029,-0.0,1.74,16,5,low,47.663,100,73828.4047,73831,0,-0.00417
0x2c4df8803738b49a4dd5b5446cb295f512b63e0592b758057f02dfcc5b8a8f6b,1780157700000,2026-05-30T16:15:00+00:00,73862.6878,1.0457,0.001159,-0.000541,0.0039,0.1,1.73,16,5,low,47.7254,100,73878.584,73863,1,0.021521
0x7f955e366f71bdee999a0dab24dd300f804453886b67dfb420293d98009afee9,1780156800000,2026-05-30T16:00:00+00:00,73803.5904,1.5908,0.005138,0.005397,0.0095,-0.02,1.74,15,5,low,47.6072,100,73847.3858,73804,1,0.059341
0x4bbb270979907e2678c64ecb398374f28079e1c03f4bb858e29179d0af8fac62,1780155900000,2026-05-30T15:45:00+00:00,73752.9115,1.7754,0.017561,0.011557,0.0178,0.1,1.74,15,5,low,47.5058,100,73775.5029,73753,1,0.030631
0x9564042861ab956cf8b8bef6f6c9c7cdb58434e840dda1de1b4a27c1fd54f8a8,1780155000000,2026-05-30T15:30:00+00:00,73843.0818,7.4811,0.020845,-0.001362,0.0321,0.14,1.86,15,5,medium,47.6862,100,73865.4057,73843,1,0.030232
0xa8c807832e857e3f7fe54259f0c0158166d257356612590d8a9aed0fce4839b3,1780154100000,2026-05-30T15:15:00+00:00,73873.4985,5.351,-0.022848,-0.007307,0.0285,0.09,1.87,15,5,medium,47.747,100,73918.6485,73873,1,0.061118
0x252cf47b5d949e8d3a6413540956aff8f69ff61c34af8fd05478059e4a6e244a,1780153200000,2026-05-30T15:00:00+00:00,73829.6293,0.692,-0.001048,-0.000892,0.0034,0.0,1.74,14,5,low,47.6593,100,73870.5273,73830,1,0.055395
0x82e2cf5221626ce94e1d2724dca887f594d3bbe9d16e3e146938a921f348d22e,1780152300000,2026-05-30T14:45:00+00:00,73986.6566,3.3027,-0.043576,-0.023721,0.0436,0.29,1.74,14,5,low,47.9733,100,73914.1533,73987,0,-0.097995
0x8add0427e4efda374f326d0286462d7266eaedb77617c99123ff954d4af2982c,1780151400000,2026-05-30T14:30:00+00:00,73903.4668,3.7294,0.020572,0.003455,0.023,-0.01,1.73,14,5,low,47.8069,100,73980.9526,73903,1,0.104847
0xf9a64769536f18b8c6c23a40f58d03f82458e7df946ec97ee085c214ecdffdf3,1780150500000,2026-05-30T14:15:00+00:00,73908.9492,6.3711,-0.048337,-0.041965,0.0536,0.1,1.74,14,5,medium,47.8179,100,73866.659,73909,0,-0.057219
0xf2aba6304c57280a90cfb6bf6945b59dfc74255068536f4268b7a10c225f2fa2,1780149600000,2026-05-30T14:00:00+00:00,73762.5736,1.719,-0.004385,-0.001294,0.0071,-0.02,1.74,13,5,low,47.5251,100,73743.2755,73763,0,-0.026162
0xb1d0e75dc05eb7cab6b10f04590b42fe2d497ad730fe8cea34520a9fc25b49b7,1780148700000,2026-05-30T13:45:00+00:00,73667.4549,1.0456,0.003717,0.002397,0.0037,-0.0,1.73,13,5,low,47.3349,100,73650.9567,73667,0,-0.022395
0x11c5fffc9e169921a405e59d6142ef5b4c397b88cf7dad3bd5308cce7d3c1193,1780128000000,2026-05-30T08:00:00+00:00,73444.3486,1.0782,0.006149,0.003604,0.0062,0.15,2.02,7,5,low,46.8887,100,73452.9247,73444,1,0.011677
0x57ab16e132ef0083085d1bdef7ed820892a4d574155f47a3cba168dcb43deb79,1780041600000,2026-05-29T08:00:00+00:00,73366.5949,5.4508,0.042879,0.036719,0.0452,0.05,2.01,7,4,medium,46.7332,100,73435.5135,73367,1,0.093937
0xcfb013b2661c517a1fb76d715b9df5c84f52795a225b544c33efde3e95ed4cc4,1779959700000,2026-05-28T09:15:00+00:00,73180.674,2.9109,0.015576,0.012454,0.0174,-0.1,1.99,9,3,low,46.3613,100,73191.7175,73181,1,0.015091
0xec05af6806cc08ffb2656ad1b21e7510493fe499b8992167e61e39529d851d2d,1779955200000,2026-05-28T08:00:00+00:00,73352.9489,5.4905,-0.02825,-0.011607,0.0363,0.0,1.98,7,3,medium,46.7059,100,73380.035,73353,1,0.036926
0x333d7228ae7d169959caf2d5a656f4031a4a31f6ca71569104af62aad3aa45b9,1779933600000,2026-05-28T02:00:00+00:00,74263.6004,9.1716,-0.048019,-0.035959,0.0676,0.0,1.99,1,3,medium,48.5272,100,74274.7394,74264,1,0.014999
0x913387b56add7d67a9a4f579c87341b102b7343f7a7d884224bb6191074788a5,1779929100000,2026-05-28T00:45:00+00:00,74455.496,5.2424,-0.020556,-0.004111,0.0206,-0.92,1.98,0,3,medium,48.911,100,74464.0827,74455,1,0.011533
0x7ad6828e53b2aaa2789d8ca2904a050a7d91fc8e9f136d7be7cebe9c4ade4397,1779924600000,2026-05-27T23:30:00+00:00,74182.5755,8.3301,-0.015765,0.001004,0.0418,0.04,1.97,23,2,medium,48.3652,100,74210.4107,74183,1,0.037522
0x013ff2673024bdf2def1109bb2be0997adaea61ff001f7078c2e681422443484,1779920100000,2026-05-27T22:15:00+00:00,74283.5514,15.607,-0.013992,-0.00647,0.0625,1.67,1.96,22,2,high,48.5671,100,74226.9059,74284,0,-0.076256
0xa2ab036ece57cf2dd3c4b52a1d70741b28bf8e1582cb04c279ee3c06ed2123fa,1779916500000,2026-05-27T21:15:00+00:00,75066.6864,7.5906,0.014326,0.011961,0.0309,-0.3,1.97,21,2,medium,50.1334,100,75058.4326,75067,0,-0.010995
0x574dd58ed67b18e0f9310bf3c12cad56df4d0e7b069428c607f8b10c8f794a81,1779915600000,2026-05-27T21:00:00+00:00,75158.6769,5.088,0.023476,0.018287,0.0297,0.0,1.97,20,2,medium,50.3174,100,75149.4829,75159,0,-0.012233
0x7cd1ef970f153dbf959ec64a6e2c992f64f48a2f27c2ed175bafbdeb76637775,1779912000000,2026-05-27T20:00:00+00:00,74946.3789,4.8241,0.026189,0.016483,0.0302,-0.05,1.96,19,2,low,49.8928,100,74949.1668,74946,1,0.00372
0xe563522651de040168aea343d5aa76da6b862e52a453c7982e61884b86767a86,1779911100000,2026-05-27T19:45:00+00:00,74860.1849,11.0632,0.060718,0.052043,0.0696,0.0,1.98,19,2,medium,49.7204,100,74888.1316,74860,1,0.037332
0xf7075bb89dbec8023b0f508c8efecd3b28938afad5484ca901233fea167a59b8,1779907500000,2026-05-27T18:45:00+00:00,74874.0508,5.3366,-0.001027,0.002103,0.0206,-0.08,1.97,18,2,medium,49.7481,100,74852.4734,74874,0,-0.028818
0x06e658b25768805a8d04836f3f5660f709865482332642cc3288276fee0dbf11,1779906600000,2026-05-27T18:30:00+00:00,74789.1414,12.3212,-0.087545,-0.058603,0.0952,1.16,2.01,18,2,high,49.5783,100,74780.9801,74789,0,-0.010912
0x0c8ec056ceffa2e32dcbc9d2516bb6842255d125a4ac89ad6516a6f7953aeaea,1779904800000,2026-05-27T18:00:00+00:00,74683.5838,6.4784,0.089891,0.058805,0.092,-0.77,2.0,17,2,medium,49.3672,100,74675.1539,74684,0,-0.011287
0x881b23e3e720830f3a38a8e3ad51136473165326cfb1b2ba608429b19efebb0e,1779903000000,2026-05-27T17:30:00+00:00,74810.3985,16.5775,0.028002,0.035595,0.0721,0.1,2.01,17,2,high,49.6208,100,74862.2011,74810,1,0.069245
0xa559b42544df81ae6d5d4026dbeb0a7c7ab71371f8a396615a71ed880b7538d3,1779902100000,2026-05-27T17:15:00+00:00,74874.4383,9.3986,-0.001254,-0.009843,0.0367,-0.12,1.96,17,2,medium,49.7489,100,74830.0078,74874,0,-0.05934
0x227893e437fc0c88ae4d68355e605d65c289e6b865895f33a7269ca5625c8b56,1779900300000,2026-05-27T16:45:00+00:00,75027.226,6.4399,0.030393,0.022543,0.0339,0.0,1.99,16,2,medium,50.0545,100,75033.6844,75027,1,0.008608
0xf4c0c92ab314abe253fdc4d6bf788b44e019225da63fdee50dda0ebcb5c98732,1779898500000,2026-05-27T16:15:00+00:00,75176.4577,6.7486,0.01726,0.009806,0.0341,0.03,1.98,16,2,medium,50.3529,100,75160.7899,75176,0,-0.020841
0x13ad2fcec194c68ffa2852f7afa8507277998c18ced6183a5b42f73fe9b61321,1779897600000,2026-05-27T16:00:00+00:00,75178.106,1.3502,0.005494,0.001616,0.0068,0.02,1.98,15,2,low,50.3562,100,75187.7117,75178,1,0.012777
0x856f7b16f2cb8f666f47112df3d59dd28569b3347fe71b5a5718365b8d78cf7b,1779896700000,2026-05-27T15:45:00+00:00,75179.0019,5.8153,0.010639,0.011551,0.0328,-0.3,1.97,15,2,medium,50.358,100,75085.3719,75179,0,-0.124543
0x5230d9781219510332de4fb9aa77bc30e8e2f9dde5e2eae56ada046d9f3e58a4,1779895800000,2026-05-27T15:30:00+00:00,75183.1961,17.5094,0.042245,0.037927,0.0807,0.29,1.98,15,2,high,50.3664,100,75240.1758,75183,1,0.075788
0x877fa2488311ea6962ff0aae8fa737f9c018e01f54942c1abc53dc2ffa8ffcb0,1779894000000,2026-05-27T15:00:00+00:00,74938.2705,8.9601,-0.031572,-0.012076,0.038,0.03,1.95,14,2,medium,49.8765,100,74866.307,74938,0,-0.09603
0x891d9a4a2e2b82c374cb5c0fc8dec09ca49303312c8172d3633cec9849ef125a,1779893100000,2026-05-27T14:45:00+00:00,74879.2005,10.5289,0.057259,0.038722,0.0627,0.03,1.97,14,2,medium,49.7584,100,74947.5629,74879,1,0.091297
0xb40ce2af18562057f4a6e963314f9d01b0138f233fed65be7a3faa3ab8bf5f51,1779892200000,2026-05-27T14:30:00+00:00,74686.6206,7.2672,0.019529,0.012033,0.0444,1.14,1.96,14,2,medium,49.3732,100,74825.7146,74687,1,0.186237
0x843d23bedf99b14374fd6588031e7375607f69981be01715b08bd28b0b3a2595,1779891300000,2026-05-27T14:15:00+00:00,74892.601,2.7138,-0.004788,-0.001763,0.013,0.06,2.0,14,2,low,49.7852,100,74915.5421,74893,1,0.030632
0x753a14e71743aeccdca74cb4753a5269b36142a2cd200daaa5eca533b87dc5da,1779890400000,2026-05-27T14:00:00+00:00,74959.7929,14.4904,-0.042597,-0.019765,0.0987,1.14,1.97,13,2,high,49.9196,100,75041.7927,74960,1,0.109392
0xd1f4af65e643e0759b043263f3110cb2c4e7a5daf9eb14cc7f693a18944d7fbb,1779889500000,2026-05-27T13:45:00+00:00,74823.6371,8.8782,-0.051735,-0.020524,0.0625,0.5,1.97,13,2,medium,49.6473,100,74773.0746,74824,0,-0.067576
0xb5cce765fab2662d1bafe50efb7cca83d7b171b997c0736111085d2b009467b9,1779888600000,2026-05-27T13:30:00+00:00,75111.6126,9.5132,-0.029263,0.002549,0.0346,-0.55,1.96,13,2,medium,50.2232,100,75055.4741,75112,0,-0.07474
0xe93a9fdb36d779c550f1aefa90862f4a5c75571b977948a01ab2a2c5b51a85d7,1779887700000,2026-05-27T13:15:00+00:00,75411.1775,18.4127,-0.085859,-0.040207,0.0978,-0.34,1.97,13,2,high,50.8224,100,75318.1498,75411,0,-0.123361
0x6b31d91834be06ed49f70c7d347842585f4daea8d6eab4034b93fc2a66b454fb,1779886800000,2026-05-27T13:00:00+00:00,75595.3263,5.205,0.008145,0.007932,0.0226,0.15,1.96,12,2,medium,51.1907,100,75653.3824,75595,1,0.076799
0xe772cf2fd4b1610e59ff2f50e9b26cb18166b7cb2b7e0412677cda0ef736addf,1779885900000,2026-05-27T12:45:00+00:00,75816.6577,2.4801,-0.018205,-0.013774,0.0201,0.0,1.95,12,2,low,51.6333,100,75812.9566,75817,0,-0.004882
0xe12a485cae3e06fd68b71bea9f345c0505ac2ec9cea396b1911bb0c9f3ec2818,1779885000000,2026-05-27T12:30:00+00:00,75765.4434,11.6405,0.063312,0.025755,0.0681,-0.01,1.95,12,2,medium,51.5309,100,75829.3702,75765,1,0.084375
0x1cc89260a83cc3ff124f9ffb2d53ac00fedbe4efcc9cd35b0def09fb6c8b68d3,1779884100000,2026-05-27T12:15:00+00:00,75520.9527,3.1843,-0.001476,-0.003042,0.0155,0.12,1.96,12,2,low,51.0419,100,75508.9578,75521,0,-0.015883
0xff56a4636459e9e7f6d151289680d22b2be918948ed6610c32eeb00035e7d616,1779883200000,2026-05-27T12:00:00+00:00,75662.7048,3.6423,-0.028076,-0.016862,0.0282,-0.01,1.94,11,2,low,51.3254,100,75652.307,75663,0,-0.013742
0x9f9943b29fb53303797ffbeb0cc406fb449a047b67cdbd712e5204a6c88cdbc4,1779882300000,2026-05-27T11:45:00+00:00,75708.4254,6.4667,0.026116,0.022766,0.0373,-0.0,1.95,11,2,medium,51.4169,100,75710.6094,75708,1,0.002885
0x635c54a3306c108b32aecc946caffa16f3e82c640c24d6d8862b89eef7c2c363,1779881400000,2026-05-27T11:30:00+00:00,75864.2745,6.5796,0.004969,0.007794,0.0261,0.28,1.96,11,2,medium,51.7285,100,75805.6218,75864,0,-0.077313
0x3b1d90864ffbee205bec761c88a0f435a201566bbecff3ba202dcdc3ebec62cd,1779880500000,2026-05-27T11:15:00+00:00,75860.6981,4.3688,-0.00918,-0.012425,0.0235,0.07,1.96,11,2,low,51.7214,100,75866.1653,75861,1,0.007207
0xad6500d7722c1cdf01b5b101e8e7e0293ed0844eaba7607752e81be04af2aaab,1779879600000,2026-05-27T11:00:00+00:00,75814.2873,3.9201,-0.024878,-0.018499,0.0301,0.19,1.95,10,2,low,51.6286,100,75779.6669,75814,0,-0.045665
0x9e2ddd6e3b190c2ca623f7e2f83675932a3b7d1546b2f2bd25ca922b585e7055,1779878700000,2026-05-27T10:45:00+00:00,75777.9212,2.4513,-0.005106,0.002364,0.0122,0.0,1.94,10,2,low,51.5558,100,75805.3344,75778,1,0.036176
0xd98121b2ce278e20b870c2c00bb316ba1ce68e50f9e6decfbc5373a3c6b0ac9d,1779877800000,2026-05-27T10:30:00+00:00,75928.3828,3.8965,-0.042439,-0.016947,0.0443,0.56,1.94,10,2,low,51.8568,100,75914.0409,75928,0,-0.018889
0x125864f0540503fb20778f3b1212468fd835ce7482e7926bb2738dc434ce38a5,1779876900000,2026-05-27T10:15:00+00:00,75774.1787,5.3375,0.007966,0.003445,0.0217,-0.01,1.95,10,2,medium,51.5484,100,75831.4856,75774,1,0.075629
0x82180fd1a2446f702cb9c546342224fb684e142a75e15256792444cf7e773415,1779876000000,2026-05-27T10:00:00+00:00,75794.1824,5.299,0.016378,0.00676,0.0225,-0.01,1.93,9,2,medium,51.5884,100,75797.7661,75794,1,0.004728
0x43ab6afe03933a94b90ba78a52b9ee9e30138d1ca057da6d7bc38180b425ab66,1779875100000,2026-05-27T09:45:00+00:00,75819.4815,7.1449,0.028971,0.023521,0.0338,-0.02,1.94,9,2,medium,51.639,100,75821.7936,75819,1,0.00305
0xa5b8ea70703c118a75479c8b01b4e29a195811479a49ba3b031cac76fc367a21,1779874200000,2026-05-27T09:30:00+00:00,75734.6057,9.3804,-0.032421,-0.021244,0.0519,0.05,1.94,9,2,medium,51.4692,100,75715.9007,75735,0,-0.024698
0x43a46d836f9c9fb3a457cbd7123eaae012f4df2f44a21cb57f2bf9e9fb08cf15,1779873300000,2026-05-27T09:15:00+00:00,75642.3231,2.8155,0.001652,-0.000292,0.0084,2.65,1.93,9,2,low,51.2846,100,75646.2837,75642,1,0.005236
0x05678c7f3083b220d89ca9b196d3b0ba392cbc4e5d184afb6fb8ecef8e037f4d,1779872400000,2026-05-27T09:00:00+00:00,75733.2336,2.368,0.017236,0.008008,0.0179,-0.01,1.92,8,2,low,51.4665,100,75787.1244,75733,1,0.071159
0xb188139b04952c27e3032c89006cd6ba25a1e1076ab24989652e6462065c0d5a,1779871500000,2026-05-27T08:45:00+00:00,75879.812,6.6332,-0.021755,-0.008531,0.0454,0.75,1.93,8,2,medium,51.7596,100,75899.1699,75880,1,0.025511
0xb207182ea2873888f681de0883620a3bb704e7479a7024b0e67c9af0bafc2c84,1779870600000,2026-05-27T08:30:00+00:00,75947.4896,6.7203,0.026023,0.022161,0.0347,-0.21,1.92,8,2,medium,51.895,100,75953.6969,75947,1,0.008173
0xc5bdaf21599f455c4a39f6af0a82f05e03625f27f666601265552436e1bf9232,1779869700000,2026-05-27T08:15:00+00:00,75794.1264,2.2451,0.003923,0.003799,0.0091,-0.0,1.92,8,2,low,51.5883,100,75828.4491,75794,1,0.045284
0xcfe066027c625797eee54113784269e7e677a2dee3e7401d3761a8aad406d2e1,1779868800000,2026-05-27T08:00:00+00:00,75867.8138,2.0331,0.001875,0.003072,0.0083,0.08,1.92,7,2,low,51.7356,100,75857.4971,75868,0,-0.013598
0x28eca3813a50cac64b8c55992f894bd48da9c963fe4281a34407fcbb89728afa,1779867900000,2026-05-27T07:45:00+00:00,75795.9196,3.5635,-0.022575,-0.014034,0.0283,0.27,1.93,7,2,low,51.5918,100,75769.065,75796,0,-0.03543
0x3b2e78610da464189755a50352c69c28dae8c51dd65273dae0945f355ba4ee08,1779867000000,2026-05-27T07:30:00+00:00,75742.419,1.702,0.00674,0.003282,0.0103,0.47,1.9,7,2,low,51.4848,100,75773.4267,75742,1,0.040938
0x202746738b63a66e974a8a1f46ad9c795b721f279abef46d2f0e81793d4355e5,1779866100000,2026-05-27T07:15:00+00:00,75705.9238,4.781,-0.024684,-0.003105,0.0247,-0.01,1.91,7,2,low,51.4118,100,75685.4979,75706,0,-0.026981
0xacb79586ba398dccc649436c328f174e1650175514c00c08117ba0ba303c9db4,1779865200000,2026-05-27T07:00:00+00:00,75719.1202,2.3445,-0.004013,-0.004572,0.015,0.01,1.91,6,2,low,51.4382,100,75721.524,75719,1,0.003175
0x4128c5b5bbf0cd7c63f2667b1a441acaabffbf1fcce8e0aa007210af3b885484,1779864300000,2026-05-27T06:45:00+00:00,75712.6196,3.3828,-0.024138,-0.009347,0.0275,-0.16,1.9,6,2,low,51.4252,100,75709.369,75713,0,-0.004293
0x60fc69dc18269b9a360feb28682c6fb00afd160d54e4174780225a5f912ec186,1779863400000,2026-05-27T06:30:00+00:00,75612.6822,6.3996,0.017959,0.018158,0.027,0.0,1.91,6,2,medium,51.2254,100,75642.6456,75613,1,0.039627
0xebf0397d48ed612ee9e2b2fe937d317e9f321a2039b5ff260884bd0942ddc3a5,1779862500000,2026-05-27T06:15:00+00:00,75600.1436,4.509,0.031492,0.01713,0.0374,0.14,1.91,6,2,low,51.2003,100,75613.3789,75600,1,0.017507
0x757f37ec12b1e6ce9dc7279f8409fb5ad4bf4551278c99f3cf14770b3c8b4e1a,1779861600000,2026-05-27T06:00:00+00:00,75604.3657,1.4413,0.006766,0.004279,0.0089,-0.13,1.9,5,2,low,51.2087,100,75599.0613,75604,0,-0.007016
0xc3dac641d824a0fd3e76c64af308f6d7038c3256e4c1c7d3442660c5a5d7161f,1779860700000,2026-05-27T05:45:00+00:00,75512.9127,2.7304,0.00348,-0.003261,0.0129,-0.0,1.89,5,2,low,51.0258,100,75521.7528,75513,1,0.011707
0x3812372bf675e4ea37c19331de00afc168aa756043ca1bfe7d95459a629f0042,1779859800000,2026-05-27T05:30:00+00:00,75573.1551,7.0704,0.005047,-0.006831,0.0286,-0.18,1.89,5,2,medium,51.1463,100,75574.3376,75573,1,0.001565
0x94ac03cb4bbf966a43febc0944064195a0070d0f3c278a2a04d996cc21766779,1779858900000,2026-05-27T05:15:00+00:00,75506.8939,0.9693,-0.005339,-0.000376,0.0058,0.46,1.89,5,2,low,51.0138,100,75530.042,75507,1,0.030657
0xd965483f57e998ceceef1a4a7f230056f30a99e7e5c0df64b8c04863982144e4,1779858000000,2026-05-27T05:00:00+00:00,75470.3519,0.5691,0.003616,0.002086,0.0042,-0.0,1.89,4,2,low,50.9407,100,75480.205,75470,1,0.013056
0x04b8df330f12b97f4835a96b6e8efe2e3bff9c32d4b5247e2d548582e35435c9,1779857100000,2026-05-27T04:45:00+00:00,75232.2546,5.0669,-0.019934,-0.004959,0.0265,-0.0,1.89,4,2,medium,50.4645,100,75247.2662,75232,1,0.019954
0x5e4e60dc433198bf17fd8b93c4bcce87966f2a6352ca663d86a2ad31a3329cc5,1779856200000,2026-05-27T04:30:00+00:00,75427.1247,2.1757,-0.003324,0.000398,0.0066,-0.01,1.9,4,2,low,50.8542,100,75406.4399,75427,0,-0.027423
0x93d122508c591bd1759a9f8c4216b8c7209267d7bcfbb3deba82740be8848fb4,1779855300000,2026-05-27T04:15:00+00:00,75601.3694,2.9271,-0.042191,-0.018523,0.0422,0.33,1.87,4,2,low,51.2027,100,75514.7549,75601,0,-0.114567
0x1874ef991c559721469e7d651c6f22861982f665f66b0e275790f227622a853a,1779854400000,2026-05-27T04:00:00+00:00,75591.7493,11.4265,-0.062244,-0.013694,0.0634,0.07,1.88,3,2,medium,51.1835,100,75558.3901,75592,0,-0.044131
0x4abb17a1f47f631965498dbea1d957061a8b38972a5a370d4b7f87c441d974e9,1779853500000,2026-05-27T03:45:00+00:00,75654.7336,2.1786,0.001762,0.004653,0.0102,0.01,1.88,3,2,low,51.3095,100,75683.6281,75655,1,0.038193
0xdfbcf8bc6f5228fe9e0bf846f001776209c6951e057cc0cb9e47f1b4c96db00f,1779852600000,2026-05-27T03:30:00+00:00,75750.8286,3.204,-0.016415,-0.016732,0.0218,-0.01,1.87,3,2,low,51.5017,100,75754.9128,75751,1,0.005392
0xd32a1a3835a95776228e32c984d17f0249af4a09611453afcaba340f0ca1934e,1779851700000,2026-05-27T03:15:00+00:00,75787.2319,5.5344,0.030418,0.023116,0.0333,-0.43,1.87,3,2,medium,51.5745,100,75776.714,75787,0,-0.013878
0xb0bf4c5d6317ee6fe482c670331e3c14942bd82f4fd956d5fcaf04ac2e931da9,1779850800000,2026-05-27T03:00:00+00:00,75720.447,2.1066,-0.005125,0.000117,0.0085,-0.01,1.89,2,2,low,51.4409,100,75781.2457,75720,1,0.080294
0xf52fab8090d8ccf12d1159cac5dd45441e1f29f3a9608b4d9ab81b68c83caae6,1779849900000,2026-05-27T02:45:00+00:00,75651.1459,4.5347,-0.037531,-0.016607,0.0387,0.0,1.88,2,2,low,51.3023,100,75635.8595,75651,0,-0.020206
0xe548db1d35fa35449018f5c8f6aa7c0ad4b4ab14c0550306338b1b0ed8089f60,1779849000000,2026-05-27T02:30:00+00:00,75696.5804,2.7596,-0.026905,-0.017826,0.0294,-0.12,1.89,2,2,low,51.3932,100,75658.8853,75697,0,-0.049798
0xc229220f60af27eb249b10e0ce1cb86b52eb146eb700ea9989e1cf16ef23927a,1779848100000,2026-05-27T02:15:00+00:00,75717.8985,2.2164,-0.020027,-0.01113,0.0233,0.13,1.89,2,2,low,51.4358,100,75734.3037,75718,1,0.021666
0xd88633d08d950f4df9fbc840f9cdda5a6a577ab63b15c0ef0bd0105c9790b37b,1779847200000,2026-05-27T02:00:00+00:00,75813.3005,3.2209,-0.00904,-0.006741,0.0203,-0.02,1.89,1,2,low,51.6266,100,75771.9325,75813,0,-0.054566
0x7b0bd04aa8c03c5e634e0d9d0bbd3843d5d8e0e38114246ae8068c2fd303ec9a,1779846300000,2026-05-27T01:45:00+00:00,75795.2309,9.6532,0.017991,-0.00807,0.0396,-0.11,1.88,1,2,medium,51.5905,100,75791.6352,75795,0,-0.004744
0x3d1549845da15dbcf3933ab281f3782c003d372bf7ae6ea6d79a3d09fbd4fa7a,1779845400000,2026-05-27T01:30:00+00:00,75764.9239,6.1328,0.033128,0.024419,0.0385,-0.19,1.87,1,2,medium,51.5298,100,75761.5734,75765,0,-0.004422
0x64e972ee3c4bae758878a59539b52ca1ca2fa5f3eaf95fe37d0dc05134889f4e,1779844500000,2026-05-27T01:15:00+00:00,75964.5776,0.866,-0.003683,-0.001156,0.0049,-0.26,1.88,1,2,low,51.9292,100,76007.6615,75965,1,0.056716
0xbcc06decf59df6f85f6cdb648323aa4c2a89fc35241ad4c2fa36f843d52e7b18,1779843600000,2026-05-27T01:00:00+00:00,75973.9188,2.1583,0.008104,0.001044,0.0093,0.1,1.86,0,2,low,51.9478,100,75965.5766,75974,0,-0.01098
0x26e6d434180e11448e0bc78061cbaac1d2a52e876194d739c33874c1ebfb17d1,1779842700000,2026-05-27T00:45:00+00:00,75878.153,6.357,0.003448,-0.009602,0.0259,-0.02,1.89,0,2,medium,51.7563,100,75867.834,75878,0,-0.013599
0x83e70b46a48fad8c87679d891ae56aaf675a0c72b6bc11e6cdc93833a4985171,1779841800000,2026-05-27T00:30:00+00:00,75830.6631,2.7109,0.001559,0.001436,0.0125,-0.02,1.89,0,2,low,51.6613,100,75832.4786,75831,1,0.002394
0x35a9544b879988810a31b426020026ba3821c7fb97dc69f928b6f9278682fded,1779840900000,2026-05-27T00:15:00+00:00,75882.9021,2.0262,-0.007057,-0.006689,0.0142,0.01,1.88,0,2,low,51.7658,100,75864.9275,75883,0,-0.023687
0xd2e5d9aa83e15f08a2ca3bc5cff927f52edab085e617024599f3b8c39a1efb1d,1779840000000,2026-05-27T00:00:00+00:00,75816.1181,5.7879,0.036189,0.01953,0.0372,-0.11,1.89,23,1,medium,51.6322,100,75845.9591,75816,1,0.03936
0x97b7ce7e21a0782360b92188d43f2e7826e1e20604074502a445afcc83351ce6,1779839100000,2026-05-26T23:45:00+00:00,75854.6333,1.1382,-0.006884,-0.00174,0.0081,1.01,1.89,23,1,low,51.7093,100,75885.422,75855,1,0.040589
0xb3b9819f48a9bd5569598236b211a0f3497e84a9621012ba9d08a42146a1a787,1779838200000,2026-05-26T23:30:00+00:00,75803.8702,2.1293,-0.000928,-0.000372,0.0085,-0.13,1.73,23,1,low,51.6077,100,75817.9095,75804,1,0.018521
0x7a991bc2adfb5d23d08290e47aae0779d3411d08584db796b972446722ccc6b7,1779837300000,2026-05-26T23:15:00+00:00,75833.8164,3.5117,-0.00535,0.005841,0.012,-0.02,1.87,23,1,low,51.6676,100,75808.2196,75834,0,-0.033754
0x6137236c65675de20fe8be7bf7bb525a0361c360ec7e711285c5e1099ce01dfc,1779836400000,2026-05-26T23:00:00+00:00,75620.6608,4.0063,0.021736,0.01901,0.0233,0.23,1.89,22,1,low,51.2413,100,75678.8659,75621,1,0.07697
0x928efd76eecf35aa60422c47d3eac2f530d12d6a4bd2f1ab2951dd571772ca76,1779835500000,2026-05-26T22:45:00+00:00,75712.8763,7.1112,0.040446,0.032543,0.0567,-0.09,1.9,22,1,medium,51.4258,100,75684.2726,75713,0,-0.037779
0x16438ca376c8cbfffc80733283753bafeaceb6289c436ab5f4c688b49c8f6027,1779834600000,2026-05-26T22:30:00+00:00,75689.0295,5.4381,0.009705,-0.005957,0.0281,0.09,1.87,22,1,medium,51.3781,100,75696.7174,75689,1,0.010157
0xc9abdee5d624d3e6f4a46ecd5a99b1fde3fe45af20ded74eb5bdd18b65b66086,1779833700000,2026-05-26T22:15:00+00:00,75663.6573,13.9299,0.054728,-0.006622,0.0738,1.64,1.87,22,1,high,51.3273,100,75726.2078,75664,1,0.082669
0x73a42300db6f19a295807bb3b876dca56fa152e23f2b7401e378c3d4bd1ffb8b,1779832800000,2026-05-26T22:00:00+00:00,75795.4137,3.7238,0.012838,0.001048,0.0189,-0.01,1.88,21,1,low,51.5908,100,75820.0491,75795,1,0.032503
0x74160fb4cfb3aee63c322865ece6d8009d00b9d2636eb258250011368fef477e,1779831900000,2026-05-26T21:45:00+00:00,75957.9534,2.1974,-0.020413,-0.011279,0.0204,-0.07,1.73,21,1,low,51.9159,100,75900.5688,75958,0,-0.075548
0x4cb64bfab30ee4790ea29861b613bd1b913e7d5164358203403ca2f4046e6157,1779831000000,2026-05-26T21:30:00+00:00,75968.8172,4.1857,-0.014757,-0.009612,0.0206,0.1,1.87,21,1,low,51.9376,100,75963.1913,75969,0,-0.007406
0x99e9fe867bc54aa86834f359d0060713300a2c1a6eaee8b6d2a57bb180e7e3c9,1779830100000,2026-05-26T21:15:00+00:00,75833.852,14.3079,-0.114499,-0.035924,0.1146,-0.24,1.88,21,1,high,51.6677,100,75804.5251,75834,0,-0.038673
0x63e85b780949ed2d6adfb2c61a77e624e53533e0e743f12d538a3a15f1479b0f,1779829200000,2026-05-26T21:00:00+00:00,76047.7716,9.1221,-0.059383,-0.013753,0.0594,0.7,1.88,20,1,medium,52.0955,100,76016.3532,76048,0,-0.041314
0x9bb0372f426556b0d17d6cafea482a375718f0a7040d07353f0daffb309fbf79,1779828300000,2026-05-26T20:45:00+00:00,76013.1883,5.0768,-0.022728,-0.008618,0.0242,-0.03,1.92,20,1,medium,52.0264,100,75994.0631,76013,0,-0.02516
0x14c28935eaded76d077018e97c6493a84a82a15386d7f6b4212eeb7f65261bef,1779827400000,2026-05-26T20:30:00+00:00,76049.7474,3.0431,0.012964,0.009831,0.0196,-0.01,1.87,20,1,low,52.0995,100,76057.2456,76050,1,0.00986
0x326c9986b0dff8fb5d7c0c1f2146491c24623809a4cd7018325c886f88736a2a,1779826500000,2026-05-26T20:15:00+00:00,76011.5047,2.8025,0.011317,0.008886,0.0164,0.02,1.89,20,1,low,52.023,100,76024.4933,76012,1,0.017088
0xfe0bd0488030be6880b1109012ebd9063c6b9f4747ba085e01b262412e2c4973,1779825600000,2026-05-26T20:00:00+00:00,75969.5719,6.0089,-0.047421,-0.017382,0.0555,0.22,1.88,19,1,medium,51.9391,100,75941.0138,75970,0,-0.037591
0x4e384b788d7a46f8c782fcc88ab4a9b7aea19922157c928141865193227fab04,1779824700000,2026-05-26T19:45:00+00:00,75924.5164,1.5969,0.00397,0.004501,0.0105,0.78,1.89,19,1,low,51.849,100,75903.9945,75925,0,-0.027029
0x7a631ebf5c4e6a6cb15e951916d3085b497fa5fbb95f48fa8485112e5ad08264,1779823800000,2026-05-26T19:30:00+00:00,75804.502,1.2406,-0.004696,-0.001888,0.0057,-0.26,1.89,19,1,low,51.609,100,75800.9111,75805,0,-0.004737
0x9e23e71ff6feb645c7f042c2003364401a6358df0041dd68b8216bce310bdfa3,1779822900000,2026-05-26T19:15:00+00:00,75745.7913,3.4979,0.041396,0.025533,0.0426,0.19,1.88,19,1,low,51.4916,100,75740.3739,75746,0,-0.007152
0x0fb4bba6e9cca28d53e7b0aa25b4ad3b63fa29778962d1a2e920dcdb988350a1,1779822000000,2026-05-26T19:00:00+00:00,75785.6611,16.1421,-0.099142,-0.043586,0.1247,0.92,1.89,18,1,high,51.5713,100,75739.4932,75786,0,-0.060919
0x828953daba5cc97c3ab856556d4cabd282a4dee1c5fa388b2abbc8c41477795f,1779821100000,2026-05-26T18:45:00+00:00,75864.4772,7.7829,-0.04764,-0.019216,0.0479,0.97,1.89,18,1,medium,51.729,100,75826.1353,75864,0,-0.05054
0xf06a333e78e38ae119c311f5e0d9eeb1c5930ac54e3d57b7ebdf643c44f3feee,1779820200000,2026-05-26T18:30:00+00:00,76021.9196,3.8206,0.000793,-0.002929,0.0125,0.33,1.89,18,1,low,52.0438,100,75973.0886,76022,0,-0.064233
0xa79ec55e612b80de38e43e4ec017bf141eca95e9dcd6dc5181e8b715c642616a,1779819300000,2026-05-26T18:15:00+00:00,75869.6606,6.637,0.011563,0.005462,0.0349,0.15,1.89,18,1,medium,51.7393,100,75913.2878,75870,1,0.057503
0x12b31cf15f35ea9ea94f65f51aa7bd9074adb7a98bb8b126f98ce0c6bab52242,1779818400000,2026-05-26T18:00:00+00:00,75957.4692,1.8,-0.029797,-0.016498,0.0298,0.86,1.88,17,1,low,51.9149,100,75803.983,75957,0,-0.202069
0x78e199bc434354defc2631033eebd9bb42b952c9594969e0f5e0deb7e6cd00ae,1779817500000,2026-05-26T17:45:00+00:00,75853.875,11.4533,0.112875,0.064244,0.1129,-0.03,1.87,17,1,medium,51.7078,100,75917.7715,75854,1,0.084236
0xced941e16ab0353445b66447fb875bc7a462165cb481ebf321bbecf539b377ce,1779816600000,2026-05-26T17:30:00+00:00,75999.4733,11.6744,-0.016789,-0.026055,0.0654,0.93,1.87,17,1,medium,51.9989,100,75834.7627,75999,0,-0.216726
0x2bfa0dd43e1c46bc335c6d4840277937f49421eded520e2f766f78c7d7cb7d48,1779815700000,2026-05-26T17:15:00+00:00,76403.0632,2.6492,0.010282,0.009549,0.0186,0.04,1.87,17,1,low,52.8061,100,76366.9309,76403,0,-0.047292
0xdd4caf9bb489d90c956871df1b97fefc20bcf99e62fad84c732094f8cc7777e8,1779814800000,2026-05-26T17:00:00+00:00,76447.4229,2.9322,-0.018454,-0.011385,0.0193,0.01,1.88,16,1,low,52.8948,100,76459.3993,76447,1,0.015666
0x1a57a36fceefe864dd79721dd642e006ecd66f6d8b173cba0acb00faeab00a25,1779813900000,2026-05-26T16:45:00+00:00,76542.567,4.0379,-0.068543,-0.037115,0.0686,0.52,1.88,16,1,low,53.0851,100,76473.4894,76543,0,-0.090247
0xa5d3d9918e06eb83aae2596bc2b04b2b296768a8bb63809ce08719a69ab50dcf,1779813000000,2026-05-26T16:30:00+00:00,76431.8932,13.4048,-0.047176,-0.05122,0.08,0.31,1.87,16,1,high,52.8638,100,76468.3405,76432,1,0.047686
0x958e32e879de395790760e6d24cbfe770cf00c30fd4de44dd610fe03ee4c66a4,1779812100000,2026-05-26T16:15:00+00:00,76197.8992,10.1864,0.003125,-0.026326,0.0579,0.04,1.87,16,1,medium,52.3958,100,76243.7531,76198,1,0.060177
0x8dfd68f14144831b6a50dbe8e708ad5b997c3977221393a4f9e62c8ab516f09d,1779811200000,2026-05-26T16:00:00+00:00,76367.8672,4.6986,0.018125,0.015466,0.0325,0.14,1.88,15,1,low,52.7357,100,76434.8978,76368,1,0.087773
0x11fe3aec47a40c6eeec4f21d2a2dcef12414cda829dfd79b9ea215f646b8375a,1779810300000,2026-05-26T15:45:00+00:00,76459.9403,13.7354,0.058729,0.026653,0.0823,-0.05,1.87,15,1,high,52.9199,100,76422.6433,76460,0,-0.04878
0x6e7b302afe527f798a7540c6f58ff91b23aa9cdf65b9d7a343276a33ebd53c1e,1779809400000,2026-05-26T15:30:00+00:00,76612.9021,12.5363,0.108771,0.067471,0.1115,-0.25,1.89,15,1,high,53.2258,100,76631.697,76613,1,0.024532
0x35a1a1248148714a46a9e90634f08986f943164775a37754971a4df38d6768a9,1779808500000,2026-05-26T15:15:00+00:00,76901.282,12.2528,-0.078472,-0.030082,0.0847,-0.12,1.89,15,1,high,53.8026,100,76914.8754,76901,1,0.017676
0x6ffd4e043b18e3cdc4928825c150ffc3f79d78130fa19ec79afc750d2a29c188,1779807600000,2026-05-26T15:00:00+00:00,76886.6651,3.044,-0.003391,-0.006448,0.0122,-0.42,1.88,14,1,low,53.7733,100,76855.7998,76887,0,-0.040144
0x946b30210b7fd8801e9396c5eb1e77d366befe2aaf6696ec94d6bbdca17cc6c6,1779806700000,2026-05-26T14:45:00+00:00,76732.2424,8.4498,0.042442,0.019429,0.0596,0.71,1.89,14,1,medium,53.4645,100,76665.6856,76732,0,-0.086739
0xa33fb75847dcaf0d2fe139619e0e81f8bc32cb20029c3694130be9d2fa47e330,1779805800000,2026-05-26T14:30:00+00:00,78007.915,5.9849,-0.067831,-0.018499,0.0679,-0.44,1.89,14,1,medium,56.0158,100,77931.1563,78008,0,-0.098399
0xac53e902f5ff883f86f5b63ddbc6353ae7ba1c9a9dba10aa4adb36cbf4cde436,1779804900000,2026-05-26T14:15:00+00:00,77241.4454,9.1834,0.012518,0.013293,0.0378,0.05,1.9,14,1,medium,54.4829,100,77332.9898,77241,1,0.118517
0x8eaf4d256354860dcb6fe99fbdc5c539916ecb18db74026125e8465f9bb776fb,1779804000000,2026-05-26T14:00:00+00:00,77187.9559,5.0296,-0.040779,-0.026175,0.0482,0.06,1.88,13,1,medium,54.3759,100,77178.627,77188,0,-0.012086
0xf38db3bdd044ee67906d1c79659f61996261d4f25facb721891c9a735c7bb0a6,1779803100000,2026-05-26T13:45:00+00:00,76851.224,3.5906,-0.005614,0.003764,0.0235,3.16,1.89,13,1,low,53.7024,100,76863.7385,76851,1,0.016284
0x3af88bc1c30f37f78433c3e6e175f32be5b5ab8c5ad15a756a8ac484efa48170,1779802200000,2026-05-26T13:30:00+00:00,76731.5691,3.4941,-0.003882,0.003899,0.0116,0.27,1.89,13,1,low,53.4631,100,76727.7775,76732,0,-0.004941
0xe6754a736d9e1c906c586e442c91b7265bc7ef583f1e814012de06ee516675be,1779801300000,2026-05-26T13:15:00+00:00,76978.5046,2.1578,-0.001588,0.000214,0.0094,0.06,1.88,13,1,low,53.957,100,77028.0908,76979,1,0.064416
0x3270e7a9eeb5c3eae0232faabdce5d24b5e108ed243604cbdf71ec3a9d981fe9,1779800400000,2026-05-26T13:00:00+00:00,77053.4468,8.3438,0.027237,0.026434,0.0373,-0.07,1.89,12,1,medium,54.1069,100,77061.6952,77053,1,0.010705
0xaf471ac1db2a3541da61c0c4acdcfaba5da4616e2535de915fcbdecb662aedfc,1779799500000,2026-05-26T12:45:00+00:00,77005.0879,7.0059,0.015627,-0.004893,0.0288,0.36,1.87,12,1,medium,54.0102,100,77041.6519,77005,1,0.047483
0x06a40917d8a7029af55a0696e7d6e948dbe73e69b5aabfd54468a3fa2e023fad,1779798600000,2026-05-26T12:30:00+00:00,76880.2344,9.1336,0.036245,0.026109,0.0429,0.43,1.86,12,1,medium,53.7605,100,76969.3135,76880,1,0.115867
0x6d85d8543ed97212289d45ac356cd939415e64868c8a9a93f781c2e41ee884be,1779797700000,2026-05-26T12:15:00+00:00,76938.3969,6.0016,0.031094,0.02457,0.0352,-0.51,1.87,12,1,medium,53.8768,100,76984.9111,76938,1,0.060456
0x29d258838fc8172cd7c03426146d1ad30646bcdb2013dcc7b13e0d77dc819676,1779796800000,2026-05-26T12:00:00+00:00,77126.4056,3.3436,0.013935,0.001261,0.0188,-0.42,1.89,11,1,low,54.2528,100,77112.408,77126,0,-0.018149
0x52d63fe931e2638bcc1f315d6d3630b2d9b95671648cbcf5f4f000feb268ce48,1779795900000,2026-05-26T11:45:00+00:00,77140.44,8.1871,0.05316,0.007053,0.0531,-0.02,1.87,11,1,medium,54.2809,100,77140.143,77140,1,-0.000385
0x9be6912ecbda58978a0ddb4fdb9854b1298e186ccfc51b045651e10ed95d7f30,1779795000000,2026-05-26T11:30:00+00:00,77151.8699,1.6368,0.006763,0.005788,0.0097,-0.06,1.89,11,1,low,54.3037,100,77149.4534,77152,0,-0.003132
0x42d9f4353b301b374401741d86b053a47ebd5fc66b56439ac66ae74bcd979af3,1779794100000,2026-05-26T11:15:00+00:00,77277.6703,8.5634,-0.067065,-0.049051,0.0671,0.11,1.89,11,1,medium,54.5553,100,77182.2391,77278,0,-0.123491
0x1cedcd1b29330312926aae435955f029419ade2d28869f907d6f98b4a84f84c5,1779793200000,2026-05-26T11:00:00+00:00,77409.6202,4.8503,0.018698,0.002956,0.0234,-0.01,1.88,10,1,low,54.8192,100,77363.1016,77410,0,-0.060094
0xd764fea0dc8e7b0290a03a23a90f75841a36bd953524e205f6958e2aa5d2e99b,1779792300000,2026-05-26T10:45:00+00:00,77445.6311,3.9881,-0.014945,-0.020401,0.0317,1.23,1.89,10,1,low,54.8913,100,77451.8585,77446,1,0.008041
0x5ada2e3b5711e8cc6dc3a4914788d178b4de244bf08cc6ccd22582219aa8ac98,1779791400000,2026-05-26T10:30:00+00:00,77059.5155,15.3371,0.032738,0.007047,0.0699,0.16,1.88,10,1,high,54.119,100,77166.9938,77060,1,0.139474
0x873eb4eea06cf6f67bdc5d599e8cf7ae2878f66831cc9278d3811f4a8ae34ee0,1779790500000,2026-05-26T10:15:00+00:00,76606.3203,9.5205,0.040622,0.001945,0.055,-0.11,1.88,10,1,medium,53.2126,100,76637.1965,76606,1,0.040305
0x773bdbe8e55bb00d52c4c8318e14d84bf84ccd5efddf6f55066cb27c695dc399,1779789600000,2026-05-26T10:00:00+00:00,76587.4839,1.2046,-0.00104,-0.000153,0.004,-0.09,1.87,9,1,low,53.175,100,76577.8243,76587,0,-0.012613
0x5e015ccf47b627a136c7d272583a792e77e7d0399042891f5e32293729000070,1779788700000,2026-05-26T09:45:00+00:00,76648.7217,9.6921,-0.003373,0.014923,0.0351,-0.01,1.87,9,1,medium,53.2974,100,76643.0925,76649,0,-0.007344
0xf1632064bbcb6cec9671561c6d9f8215feb7ab162fa483282c530bbaebffdd6c,1779787800000,2026-05-26T09:30:00+00:00,76652.3423,3.1196,-0.019185,-0.00415,0.021,0.37,1.88,9,1,low,53.3047,100,76680.6944,76652,1,0.036988
0xcb2056b59b1d4258138c421bc6aa20f0069fdfd5274ccf2373ee15655f984199,1779786900000,2026-05-26T09:15:00+00:00,76632.1971,12.3312,0.047491,-0.005488,0.0711,-0.13,1.87,9,1,high,53.2644,100,76594.9789,76632,0,-0.048567
0x9b73c85862c838ad6054799382e33934c8bc069aba7f45aa633d24dd88f80a4b,1779786000000,2026-05-26T09:00:00+00:00,76705.1741,5.4162,-0.027337,-0.023327,0.0353,0.55,1.87,8,1,medium,53.4103,100,76651.5116,76705,0,-0.069959
0xe0a8bd5de9139ee45d0e139ff98335594d61a9a9363c71b864af6a1d51878f1c,1779785100000,2026-05-26T08:45:00+00:00,76756.3301,6.4409,0.023886,0.000261,0.0297,0.33,1.88,8,1,medium,53.5127,100,76747.0037,76756,0,-0.012151
0x4c453856431e233597cb9c07a8a12ff158f60b6250b6335301470569d1215671,1779784200000,2026-05-26T08:30:00+00:00,76711.2663,2.9649,-0.015595,-0.012261,0.0235,-0.12,1.73,8,1,low,53.4225,100,76711.236,76711,1,-3.9e-05
0x17f988791059281ded356fe7a47b0beef7e240403327adcd59b180f44d261bc6,1779783300000,2026-05-26T08:15:00+00:00,76723.4206,1.695,-0.005646,-0.005006,0.0096,-0.04,1.87,8,1,low,53.4468,100,76694.9974,76723,0,-0.037046
0xc81965993dddabd6595f37c142722fae901e25ec743a7557c77cc010f8d49ec2,1779782400000,2026-05-26T08:00:00+00:00,76633.4133,0.9054,0.002488,7.5e-05,0.0035,-0.01,1.87,7,1,low,53.2668,100,76639.5203,76633,1,0.007969
0x6fb351d6f2726ced8ae45e5f22dcdb93237ec0536406ab0cb033838f04342367,1779781500000,2026-05-26T07:45:00+00:00,76589.0006,1.3504,0.004969,0.002497,0.007,-0.0,1.73,7,1,low,53.178,100,76585.4934,76589,0,-0.004579
0x8a589f967d7b5e1b533805c30ea02b4f44477bf05751bb1c67d7902263946fb9,1779780600000,2026-05-26T07:30:00+00:00,76623.1866,3.3853,-0.014829,-0.001608,0.0158,0.08,1.87,7,1,low,53.2464,100,76606.4087,76623,0,-0.021897
0x685483b38d9453c32209f7781b0e8b11322befb1bc2da884c3a4d2d5f4bf1582,1779779700000,2026-05-26T07:15:00+00:00,76613.8416,5.5614,-0.016077,-0.002609,0.0358,1.51,1.88,7,1,medium,53.2277,100,76634.4381,76614,1,0.026884
0x5b331211f1e9ec0b62591a7b66e922373afcf3bd69d6bc305acabb13f824e584,1779778800000,2026-05-26T07:00:00+00:00,76842.8387,1.5454,0.004285,0.003963,0.0074,0.12,1.73,6,1,low,53.6857,100,76833.236,76843,0,-0.012497
0xb675f491c69b24abcb0ea8dcef80d348daef9fd1e03be933b6861bf4748ecbdc,1779777900000,2026-05-26T06:45:00+00:00,76884.9573,4.5514,-0.016961,-0.000723,0.0212,-0.08,1.87,6,1,low,53.7699,100,76896.2976,76885,1,0.01475
0x25a6e012711fcb325691e23354f6cf47ef51c1a7d1f41ab538391cca0e4813ad,1779777000000,2026-05-26T06:30:00+00:00,76813.712,3.4933,-0.022946,-0.015735,0.0263,-0.13,1.89,6,1,low,53.6274,100,76788.674,76814,0,-0.032596
0x4d9bf264b2906cf306434b0ed953cd31a3391a8d034a31b5eb4321cdf869845c,1779776100000,2026-05-26T06:15:00+00:00,76774.6452,3.1632,0.040169,0.027852,0.0402,-0.0,1.88,6,1,low,53.5493,100,76799.6995,76775,1,0.032634
0xd96bfb289c075f030d92a91d56062bae0fee480588ce9d0fa5db7a9bcd35a182,1779775200000,2026-05-26T06:00:00+00:00,76809.2865,1.7083,-0.000366,0.004438,0.0077,0.3,1.87,5,1,low,53.6186,100,76834.2123,76809,1,0.032452
0xd438e7e7ed13061b9df3f2f0e395cd74302306bd9b6f3c759ff0faa4fd26cab8,1779774300000,2026-05-26T05:45:00+00:00,76821.6109,2.5635,0.008114,0.00782,0.0161,1.02,1.89,5,1,low,53.6432,100,76866.7341,76822,1,0.058738
0x63df36fecd1236c37be5c4b26d94ada7eddf3060030738df5bad69f5a5863d76,1779773400000,2026-05-26T05:30:00+00:00,76786.4154,1.0395,-0.004374,-0.00096,0.0062,-0.1,1.87,5,1,low,53.5728,100,76804.5061,76786,1,0.02356
0x1c01d3ac7245fdcd8562aa9dc99d13b3e2b674b3bbba5b92de9d62c8668174cf,1779772500000,2026-05-26T05:15:00+00:00,76713.2595,13.0211,0.062886,0.011179,0.0859,0.17,1.87,5,1,high,53.4265,100,76735.8841,76713,1,0.029492
0x4689f52cde4ddb8b34f4fae2e7ee236fc435ac72e0d6b52ce5097718a8903416,1779771600000,2026-05-26T05:00:00+00:00,76689.0824,0.7183,-0.004707,-0.002981,0.0055,0.51,1.87,4,1,low,53.3782,100,76697.4486,76689,1,0.010909
0x7fe959e388e5d123fe0f4722ae2f2af65efacbb095572c1841f10cac5f2b4f0c,1779770700000,2026-05-26T04:45:00+00:00,76700.4023,1.8219,-0.007639,-0.00885,0.013,0.21,1.88,4,1,low,53.4008,100,76726.1121,76700,1,0.03352
0x6e7aad56cd404aec8097aea8eb51aea10e5251d3b8f41eb814cc1e4095c19549,1779769800000,2026-05-26T04:30:00+00:00,76607.012,10.2455,0.026404,0.000622,0.0444,-0.19,1.87,4,1,medium,53.214,100,76663.2606,76607,1,0.073425
0xf7732965abe9454c9ad0e0370fc21265a8b84b3fdc9adbb76e2d9e7e87e5e6b0,1779768900000,2026-05-26T04:15:00+00:00,76551.3022,4.8113,0.055584,0.026506,0.0601,0.32,1.87,4,1,low,53.1026,100,76594.4942,76551,1,0.056422
0x9c631066aea6156af8279cdfe68c52306a98cbb6a407f612a8ef098939621743,1779768000000,2026-05-26T04:00:00+00:00,76590.2014,1.4318,-0.002476,0.001418,0.0051,0.0,1.88,3,1,low,53.1804,100,76596.7431,76590,1,0.008541
0x1c8682eda08747b93431cc2b3aa0897b4528d8961e50a045b9dc0b8bed715ee0,1779767100000,2026-05-26T03:45:00+00:00,76574.6197,1.0025,-0.001636,-0.001369,0.0028,-0.0,1.73,3,1,low,53.1492,100,76572.3471,76575,0,-0.002968
0xc199d21280a402d4316eaaf69616cb76f9fdd7e0280d3058082ce330a5955dd8,1779766200000,2026-05-26T03:30:00+00:00,76408.0459,11.2025,0.122657,0.062598,0.1226,0.75,1.87,3,1,medium,52.8161,100,76521.8563,76408,1,0.148951
0x56ec17449b49441ce35df87b8151194b54e6af8b97a5fe102498da61c3f57f2c,1779765300000,2026-05-26T03:15:00+00:00,76546.6467,1.2968,0.000882,0.000929,0.0063,-0.02,1.87,3,1,low,53.0933,100,76491.8403,76547,0,-0.071599
0x4b13ed9d0354eb25fa5b8f1f314da4346c607411b671fadc22097216f644dcd2,1779764400000,2026-05-26T03:00:00+00:00,76546.9475,1.031,-0.001493,-0.000638,0.0022,0.01,1.73,2,1,low,53.0939,100,76577.3442,76547,1,0.03971
0x56c71cf92beaeca26f49bbbedc4fe2dd05a043647eb2003673cc9684793f08e1,1779763500000,2026-05-26T02:45:00+00:00,76555.819,3.972,-0.032291,-0.011515,0.0323,-0.04,1.89,2,1,low,53.1116,100,76522.6867,76556,0,-0.043279
0x168a1d469ac7231f27776ea3cfd207df4dc703fdd85e389dd02e24bb88386a57,1779762600000,2026-05-26T02:30:00+00:00,76648.8316,3.0859,-0.022677,-0.005068,0.0245,-0.0,1.87,2,1,low,53.2977,100,76621.8468,76649,0,-0.035206
0x96a9d36ac4fe768f189a9be6d99d8b7f10b668520fa1dc9f4b13ebd03fe86ae4,1779761700000,2026-05-26T02:15:00+00:00,76714.3169,1.5663,0.010427,0.0027,0.0117,1.02,1.9,2,1,low,53.4286,100,76686.7779,76714,0,-0.035898
0x06cb2bd01c36d2990fe27fc864431bd793c83bfc83e2169366103b03e1213ae1,1779760800000,2026-05-26T02:00:00+00:00,76679.8754,3.0179,0.014976,0.00268,0.015,-0.23,1.88,1,1,low,53.3598,100,76654.1979,76680,0,-0.033487
0xd72825a58ce3387f29a5581f048637a254a1886408742daaa7086597c5345ac8,1779759900000,2026-05-26T01:45:00+00:00,76587.3074,5.8982,-0.017387,0.006359,0.0322,-0.2,1.89,1,1,medium,53.1746,100,76599.4433,76587,1,0.015846
0x364311bdb2be6b7fd50f40171e280a3f4bd68f93b1cd738d5993ce63871296d8,1779759000000,2026-05-26T01:30:00+00:00,76708.8825,2.8675,0.019546,0.004127,0.0213,-1.4,1.91,1,1,low,53.4178,100,76685.4847,76709,0,-0.030502
0xb17b632350eb1a57d6789c99d770b42b3e3aa90ec797340a979dafd2e6489d98,1779758100000,2026-05-26T01:15:00+00:00,76736.7178,5.6974,0.060708,0.033549,0.0607,-0.73,1.73,1,1,medium,53.4734,100,76779.3988,76737,1,0.05562
0x38cfef118f3a3b8f9c7c1f19afe05b38af54ad4d34daa13c67dc2d2c444227f5,1779757200000,2026-05-26T01:00:00+00:00,76719.0417,10.8467,0.050881,0.007608,0.0537,0.77,1.87,0,1,medium,53.4381,100,76667.3368,76719,0,-0.067395
0x15b6af1f5ed77e9f53d2dc535cc828ee4dea80b55c1a3702c38847777eb014b3,1779756300000,2026-05-26T00:45:00+00:00,76805.1977,1.3681,0.007939,0.005169,0.0085,-0.0,1.87,0,1,low,53.6104,100,76810.0296,76805,1,0.006291
0xab1a5178a9f0655508d37aed87fecb2e0116c8c254f2eef761e1023b16695277,1779755400000,2026-05-26T00:30:00+00:00,77105.4972,7.2329,0.007386,0.017569,0.0317,0.53,1.73,0,1,medium,54.211,100,77049.088,77105,0,-0.073158
0xaa66e6692f7f9da2e0900814c5f8bf6b7eb547e20caa7e5a75373b70708c1a38,1779754500000,2026-05-26T00:15:00+00:00,77186.6974,4.6115,-0.03568,-0.016066,0.0381,0.35,1.87,0,1,low,54.3734,100,77157.8889,77187,0,-0.037323
0xfc7fea28774c9a75c0450947ec3ebaf2b83c5a808207c431b43a5cee2ce2146f,1779753600000,2026-05-26T00:00:00+00:00,77284.7127,11.9341,0.045011,0.05986,0.0748,-0.03,1.87,23,0,medium,54.5694,100,77279.0891,77285,0,-0.007276
0xb3e474d32c08ec2c070daa6bf592af661efe1062a3e1a86a742095026d784652,1779752700000,2026-05-25T23:45:00+00:00,77288.7793,10.8391,0.020226,0.029596,0.044,-0.12,1.91,23,0,medium,54.5776,100,77297.8757,77289,1,0.011769
0x15ac1dfef8ee3c94b1e45c6e4ce2aa0b6a1b695c4c3c8c0d6f172e158efbd335,1779751800000,2026-05-25T23:30:00+00:00,77248.8001,1.0046,-0.014598,-0.008732,0.0156,0.39,1.73,23,0,low,54.4976,100,77194.6612,77249,0,-0.070084
0x479430065b7640921b090eb9d96d3513177728ca334a156671041a7e5b517ec4,1779750900000,2026-05-25T23:15:00+00:00,77183.2187,0.7891,-0.000961,-0.000538,0.0028,0.03,1.74,23,0,low,54.3664,100,77215.9761,77183,1,0.042441
0x84a5a52ac1dc840f9a17f825b1346ebca633452be21db1b431910bc73079548e,1779750000000,2026-05-25T23:00:00+00:00,77120.5524,2.6071,-0.028453,-0.012944,0.0285,0.02,1.74,22,0,low,54.2411,100,77022.4545,77121,0,-0.127201
0xa1b250fdcbc627f4fe392736d3a4aa10c6cfa72bca45c9ed137370e7ea4c0137,1779749100000,2026-05-25T22:45:00+00:00,77106.4257,2.7972,-0.005434,0.000154,0.0116,0.02,1.73,22,0,low,54.2129,100,77114.7805,77106,1,0.010835
0x1fa8d307cd6ee765a79fbefe86d3a7a7304dfca6c56af3e94e52c223f348a0ec,1779748200000,2026-05-25T22:30:00+00:00,77224.7837,1.9806,-0.020344,-0.010732,0.0203,-0.02,1.74,22,0,low,54.4496,100,77180.8002,77225,0,-0.056955
0x2f8fce2adbb3774ba86c7cf85c2cc76c63861a278931d5eeb02d01bdffd9c852,1779747300000,2026-05-25T22:15:00+00:00,77345.9606,2.1312,0.008058,0.003539,0.0135,1.04,1.74,22,0,low,54.6919,100,77331.4104,77346,0,-0.018812
0xdac10c4126e196678e9f53ef259802c3cfca9a3a37493edea5bfa2c96b2a3f25,1779746400000,2026-05-25T22:00:00+00:00,77321.2228,2.1239,-0.022331,-0.010639,0.0223,-0.01,1.73,21,0,low,54.6424,100,77262.1075,77321,0,-0.076454
0x38b9c4b23e71fdf1b8660cb48ab61c9272f5775539913ee1cc8f2eb9b4258ef5,1779745500000,2026-05-25T21:45:00+00:00,77306.4748,8.3499,-0.017599,0.000316,0.033,0.54,1.74,21,0,medium,54.6129,100,77231.6293,77306,0,-0.096817
0x565a7f1da2055bfeab6254d6fff2a9259b28b887655d1010c61ed5a58d1f2586,1779744600000,2026-05-25T21:30:00+00:00,77284.8625,6.5774,0.035345,0.026106,0.0363,-0.64,1.74,21,0,medium,54.5697,100,77310.4814,77285,1,0.033149
0xc1a2e62bf0276eceaf2922df58c1fa4e92e48ad150e754581653e6b34f6128e4,1779743700000,2026-05-25T21:15:00+00:00,77291.6278,7.6887,0.044333,0.032886,0.052,-0.93,1.73,21,0,medium,54.5833,100,77289.2848,77292,0,-0.003031
0xb49c52e67072e056c921b5c63b1947ea1cd094c72837251b5ed64c158e394440,1779742800000,2026-05-25T21:00:00+00:00,77213.8603,2.9416,0.022905,0.010511,0.0251,0.7,1.74,20,0,low,54.4277,100,77212.3227,77214,0,-0.001991
0x155f61d495d6c9dcba386f97a348086a968180b54eb986d847a7c734f61f6496,1779741900000,2026-05-25T20:45:00+00:00,77202.6851,2.6407,-0.000256,0.006753,0.014,0.03,1.74,20,0,low,54.4054,100,77231.0466,77203,1,0.036736
0xffb0c90b3f3a219b9b2d33ea167ac712dbcd3b654a38ac6255be1fb137845d5a,1779741000000,2026-05-25T20:30:00+00:00,77412.1385,2.7506,-0.021676,-0.007939,0.0217,0.36,1.74,20,0,low,54.8243,100,77375.2355,77412,0,-0.047671
0xbb09ee3c822d0907518b59e55a463f4d9f445af3545c43434e18cafed0cf31ea,1779740100000,2026-05-25T20:15:00+00:00,77385.3497,10.5467,0.058382,0.042135,0.0584,0.03,1.74,20,0,medium,54.7707,100,77386.9913,77385,1,0.002121
0x2da0f0ba13e6fc62ee5e1d73f98326a0780636407b7bb03386d23603c60804dd,1779739200000,2026-05-25T20:00:00+00:00,77381.247,4.3581,-0.022948,-0.016708,0.0234,0.39,1.74,19,0,low,54.7625,100,77351.3404,77381,0,-0.038648
0x671c789623e187a2ebd6d20d1fb347a14194c5542b9d2f4c729d6952d5bcfbc1,1779738300000,2026-05-25T19:45:00+00:00,77334.9456,8.9958,0.035794,0.03277,0.0452,0.57,1.89,19,0,medium,54.6699,100,77366.1811,77335,1,0.04039
0xa66a6bfd03573645d627c272329f644249731baba1c44171808901f77496edb8,1779737400000,2026-05-25T19:30:00+00:00,77430.0417,1.3086,0.003857,0.000936,0.0062,0.03,1.73,19,0,low,54.8601,100,77474.38,77430,1,0.057263
0xc045a8f80b11b3239d8022e6681e175a3475403a47b72a04b539d5749e21be99,1779736500000,2026-05-25T19:15:00+00:00,77418.4483,0.5309,-0.002057,-0.00169,0.0032,0.03,1.74,19,0,low,54.8369,100,77459.3336,77418,1,0.052811
0x40d17f845500eee0f880e8cb83e921c40a390fcea08ba12277f2796db333caf7,1779735600000,2026-05-25T19:00:00+00:00,77517.8576,1.3945,-0.000885,-6.7e-05,0.0048,-0.05,1.74,18,0,low,55.0357,100,77496.1446,77518,0,-0.02801
0x59e5a2c0427647c6d58489679eaae9b148b4a90a7cc4537ddbb9f955e2aef2af,1779734700000,2026-05-25T18:45:00+00:00,77576.3194,1.7857,-0.02532,-0.015439,0.0261,-0.08,1.73,18,0,low,55.1526,100,77555.1587,77576,0,-0.027277
0x43eac3a318e2248e082f577dcdd3f3c4475221a0a22b71bbf35aafeea8322162,1779733800000,2026-05-25T18:30:00+00:00,77592.0084,10.3322,0.022947,0.020156,0.0482,0.03,1.73,18,0,medium,55.184,100,77584.9589,77592,0,-0.009085
0xdb4f05b86ccb96c7484bcf5161e06487331bdc02438006318a334a5d16524f4f,1779732900000,2026-05-25T18:15:00+00:00,77578.0458,0.6453,-0.001295,-0.001104,0.0024,0.1,1.74,18,0,low,55.1561,100,77578.0568,77578,1,1.4e-05
0x5ce1bb1789ccaafa75f5273fc8c7c20e5ef519bccfeacaf9548c9c3f1eec57ce,1779732000000,2026-05-25T18:00:00+00:00,77528.0184,2.4671,0.014498,0.006438,0.0155,0.02,1.74,17,0,low,55.056,100,77510.7178,77528,0,-0.022315
0xfd73da1a3ce45bf43a6d715aab21c93e7e094b5edd20e36a6e8574a4b7e555fa,1779731100000,2026-05-25T17:45:00+00:00,77526.0323,5.8828,-0.022176,-0.024122,0.0263,0.02,1.74,17,0,medium,55.0521,100,77516.9684,77526,0,-0.011691
0xa2328b8c965ef09fe77a03794a9dca7d08444f940bedf0460de91fb4766168fd,1779730200000,2026-05-25T17:30:00+00:00,77565.6289,2.8099,0.002571,0.006289,0.0122,-0.08,1.84,17,0,low,55.1313,100,77616.6386,77566,1,0.065763
0xf5fd27d9b684c3fc74deb213079e35ac6d94b514440591681caac24101fd0976,1779729300000,2026-05-25T17:15:00+00:00,77640.3585,0.7712,0.000145,0.000241,0.0025,0.03,1.84,17,0,low,55.2807,100,77616.4181,77640,0,-0.030835
0x240c79025aa5e5b77184b58853583d92d50e175ddd5ecb63d26a8ddd59fdd055,1779728400000,2026-05-25T17:00:00+00:00,77703.0067,3.6222,-0.033388,-0.014816,0.0334,0.02,1.85,16,0,low,55.406,100,77680.5705,77703,0,-0.028874
0x1b02697d784b740e3327d6e8b2f5b3488c90b465d4a94f8ae7fdff672453c91f,1779727500000,2026-05-25T16:45:00+00:00,77602.7088,1.8463,-0.038546,-0.020796,0.0386,0.28,1.83,16,0,low,55.2054,100,77637.5961,77603,1,0.044956
0x01326d16d8020f62abf836b5003d97471d56a5f1bc6e3e33f8f4eac346129643,1779726600000,2026-05-25T16:30:00+00:00,77499.7227,0.7253,0.002231,0.001258,0.004,0.03,1.84,16,0,low,54.9994,100,77517.2295,77500,1,0.02259
0x4d854379b1eeb2cc3d3ca8201e3aa3583532205a7267edec5f444fffe509b965,1779725700000,2026-05-25T16:15:00+00:00,77505.7764,4.843,-0.035979,-0.007224,0.0373,0.05,1.83,16,0,low,55.0116,100,77447.3362,77506,0,-0.075401
0xba07905b02f796df588ee1e63992f554f6ce1ac0c5401420e57de0cab20469f0,1779724800000,2026-05-25T16:00:00+00:00,77561.4205,0.7987,0.001102,0.001341,0.0041,0.03,1.81,15,0,low,55.1228,100,77570.0991,77561,1,0.011189
0x215a41f7295f0650ea9f286071309ac0b5d6150bad49d71b70d641559082b7bb,1779723900000,2026-05-25T15:45:00+00:00,77566.5628,0.7285,0.000782,0.000746,0.0028,0.1,1.82,15,0,low,55.1331,100,77589.4207,77567,1,0.029469
0xe58d85976b1bbe7c1a371649dab1dc2388c94b2e9ed021d32670475daf1aca0e,1779723000000,2026-05-25T15:30:00+00:00,77629.6955,4.6884,-0.046481,-0.027022,0.0465,0.01,1.84,15,0,low,55.2594,100,77526.9171,77630,0,-0.132396
0x5d5a088d37bd5b7293ff3ea5282a80179ebc67d4e1a1fda3684a32ef9a2aa4a8,1779722100000,2026-05-25T15:15:00+00:00,77793.1096,9.8195,-0.017913,-0.005446,0.0427,0.18,1.83,15,0,medium,55.5862,100,77637.205,77793,0,-0.200409
0xe69dfd67cd1e0253207aad467e124b1065f6a82d21b04711a15149687a10e49c,1779721200000,2026-05-25T15:00:00+00:00,77638.6936,0.7769,-0.000442,-0.000358,0.0023,0.04,1.84,14,0,low,55.2774,100,77668.7109,77639,1,0.038663
0xfa65b5a13c942e87d013f189c74b61ec7107dcf5a1cc9b9e5e29224049d177b0,1779720300000,2026-05-25T14:45:00+00:00,77514.0406,2.0715,-0.019061,-0.009351,0.0191,0.47,1.84,14,0,low,55.0281,100,77530.3769,77514,1,0.021075
0x89dfc43e10d82324c4b4b66a41c069ba55b47845b05196558af7308704185b77,1779719400000,2026-05-25T14:30:00+00:00,77547.5146,2.714,-0.006254,-0.007096,0.0148,-0.41,1.84,14,0,low,55.095,100,77532.9525,77548,0,-0.018778
0xcc63a1537d9e517e5149844606b2836334a325a785e77213b309695efdc65fb9,1779718500000,2026-05-25T14:15:00+00:00,77406.7543,3.7611,-0.007122,-0.009967,0.0187,0.03,1.83,14,0,low,54.8135,100,77411.4032,77407,1,0.006006
0xd2aa91ba3e12ef4194b47f91a89d43a67fd314dadf27ccb7ec15ec27f66497ab,1779717600000,2026-05-25T14:00:00+00:00,77283.9701,3.5548,-0.03037,-0.017922,0.0325,0.02,1.84,13,0,low,54.5679,100,77263.1492,77284,0,-0.026941
0x2ca0be474d2e7ff91e6a7eadc5112acda101e8765980ff5119c82b72347cc66c,1779716700000,2026-05-25T13:45:00+00:00,77280.0115,8.2567,-0.009924,-0.003327,0.0378,0.02,1.84,13,0,medium,54.56,100,77278.3687,77280,0,-0.002126
0xf2240a0e9b437e921c071f85fe4cfbbafa9a46bef6a28f58f91cd3a58eef5318,1779715800000,2026-05-25T13:30:00+00:00,77258.2454,1.6299,-0.003914,0.0008,0.0053,0.02,1.83,13,0,low,54.5165,100,77278.5126,77258,1,0.026233
0x2ac7f80fb9c55d0f3bdbda4f28ba729b80a3cb1c806d4e65629f88a248b3364a,1779714900000,2026-05-25T13:15:00+00:00,77248.3772,1.3446,0.003948,-0.00015,0.0055,0.03,1.82,13,0,low,54.4968,100,77257.1632,77248,1,0.011374
0x7c047c49e913b555b100bc3c82b55e333ec4134f3ebbfdbc316cd9fe5fbc8456,1779714000000,2026-05-25T13:00:00+00:00,77334.2999,1.2063,-0.00727,-0.004303,0.0081,0.02,1.82,12,0,low,54.6686,100,77274.1995,77334,0,-0.077715
0x98598cdaaf5cf1641cabbf56a12eb0e82339e832d2cbdc93099bc9195b99df43,1779713100000,2026-05-25T12:45:00+00:00,77281.9851,7.7058,0.03744,0.004798,0.0377,0.03,1.84,12,0,medium,54.564,100,77285.0338,77282,1,0.003945
0xd8000f555408e7f6d79a5647e1b0a5776a1341ced963cce61e20a5f1827b8f3d,1779712200000,2026-05-25T12:30:00+00:00,77343.2504,2.6092,0.011449,0.003785,0.0131,-0.01,1.82,12,0,low,54.6865,100,77342.7184,77343,0,-0.000688
0xb5c3357cad92a40e832e9d2ab0b861315196d2573cc2b5a0dcc02c8213db91e2,1779711300000,2026-05-25T12:15:00+00:00,77299.8716,1.6812,-0.016477,-0.008726,0.0174,-0.09,1.84,12,0,low,54.5997,100,77288.5274,77300,0,-0.014676
0xa6b0019e1bcb587171734650d37dd88a7b211f84aa6c7ab909903989286e6dac,1779710400000,2026-05-25T12:00:00+00:00,77301.1425,2.4318,-0.021426,-0.007085,0.0214,-0.01,1.82,11,0,low,54.6023,100,77319.4271,77301,1,0.023654
0xfc4f81b520e83deecac2ce1677363062bc4e937884791896164691d1a6c10d41,1779709500000,2026-05-25T11:45:00+00:00,77416.9221,9.3084,0.016949,0.004215,0.0367,-0.28,1.83,11,0,medium,54.8338,100,77437.442,77417,1,0.026506
0x0c80265d6b6cd690dd80d0e63dbd6d589dde72f9409d79bbfe8d746e46580566,1779708600000,2026-05-25T11:30:00+00:00,77365.6791,2.8119,-0.024186,-0.016329,0.0257,0.01,1.82,11,0,low,54.7314,100,77342.8226,77366,0,-0.029543
0xae9a72c1a0769a2a0f7da08a4b7790c69c836d246c4846763fd6c0d985cd9b79,1779707700000,2026-05-25T11:15:00+00:00,77380.0302,1.8403,-0.009109,-0.002353,0.0102,-0.01,1.84,11,0,low,54.7601,100,77371.4421,77380,0,-0.011099
0x7afe0dcb35436aa4c97b79915e62b0263d40dbf862186134a12dae2b89ec62ac,1779706800000,2026-05-25T11:00:00+00:00,77467.3704,0.6249,0.000525,0.001023,0.0025,-0.0,1.82,10,0,low,54.9347,100,77459.6908,77467,0,-0.009913
0x387fc3096dca5a566865a4a033f1b8c5c5f37d5f8355e9603a6928ee40476490,1779705900000,2026-05-25T10:45:00+00:00,77441.2612,0.6913,0.001179,-0.000179,0.0022,0.07,1.82,10,0,low,54.8825,100,77450.5463,77441,1,0.01199
0xdcc65805a32852aa57bfcc04617551487c64dba7e011e684d8c31e0af328bf98,1779705000000,2026-05-25T10:30:00+00:00,77452.1967,13.1815,0.031209,0.024434,0.0554,0.36,1.84,10,0,high,54.9044,100,77461.2889,77452,1,0.011739
0x0c6e8173aa98b51ea706c76e1a9f1ee7b30646b011cfbd5a785874e9e98516e6,1779704100000,2026-05-25T10:15:00+00:00,77540.2489,10.5917,0.055855,0.033537,0.0601,-0.0,1.83,10,0,medium,55.0805,100,77549.6479,77540,1,0.012121
0xb920a69427e5d41e3ead68a8cc866d911bf448da1efaaa0d16572c70356eaeb8,1779703200000,2026-05-25T10:00:00+00:00,77576.1285,3.5842,0.001472,0.003647,0.0127,-0.01,1.82,9,0,low,55.1523,100,77525.8076,77576,0,-0.064867
0xfe2c99ac0caa567dd85ad73920989306286f553f878682f913aaa1d974b0a5bb,1779702300000,2026-05-25T09:45:00+00:00,77498.3315,1.0916,0.00059,-8.6e-05,0.0032,-0.09,1.84,9,0,low,54.9967,100,77511.071,77498,1,0.016438
0xe8808b27cac0800cc3b35748a3a235ae8b6328da0dfa2973de21c1b3f3fa59ac,1779701400000,2026-05-25T09:30:00+00:00,77497.1715,11.8261,-0.00969,0.000121,0.0537,0.29,1.83,9,0,medium,54.9943,100,77471.287,77497,0,-0.033401
0x409317eae4251d3904eac72a33d04a41d6459fab52d1ab7f23f3695779d8efeb,1779700500000,2026-05-25T09:15:00+00:00,77384.345,2.206,-0.0127,-0.001094,0.0127,0.77,1.84,9,0,low,54.7687,100,77389.2656,77384,1,0.006359
0x79b8eec8e1e2ff50777c82fb5e2395275bdb5e63afa7f8a2cf8b45bb43c08172,1779699600000,2026-05-25T09:00:00+00:00,77357.1873,0.9769,0.000778,9.5e-05,0.0036,-0.0,1.84,8,0,low,54.7144,100,77370.9366,77357,1,0.017774
0x85d90aee9fa62e5098bb0733212c4e5a99452508cd87f8e00d648bd2fbf63f30,1779698700000,2026-05-25T08:45:00+00:00,77309.8898,4.6572,-0.024349,-0.015207,0.0251,-0.14,1.84,8,0,low,54.6198,100,77263.9407,77310,0,-0.059435
0xf863d580c693e035cb99a5a26dc4ec461ae5c5f63e32d0a16a3bd9de6ab13ef3,1779697800000,2026-05-25T08:30:00+00:00,77227.6249,2.629,0.008215,0.003382,0.0151,0.11,1.83,8,0,low,54.4552,100,77238.2937,77228,1,0.013815
0xaa223353190874a8855b11038839a4b28a8b75c116dbea9b183dde1dc7603af1,1779696900000,2026-05-25T08:15:00+00:00,77205.76,0.7425,-0.00246,-0.002082,0.0039,-0.0,1.84,8,0,low,54.4115,100,77208.3334,77206,1,0.003333
0x1963cc03fb2be9152744f7658f2e3345f0a0aca5be20944856185d85aaa54667,1779696000000,2026-05-25T08:00:00+00:00,77338.1579,5.0707,0.002816,0.010141,0.0257,-0.05,1.84,7,0,medium,54.6763,100,77312.3765,77338,0,-0.033336
0x782d06c712be457fb490f1120c8896ff5414b62bde4672c4f5671fab049dcda9,1779695100000,2026-05-25T07:45:00+00:00,77218.7776,1.8279,0.008844,0.007243,0.0135,-0.19,1.83,7,0,low,54.4376,100,77225.8214,77219,1,0.009122
0x75a324284de9e101adcfc8a6405fcbfe973dcef494fa56c0fc1cca2fa8b13215,1779694200000,2026-05-25T07:30:00+00:00,77143.6414,13.5554,0.062367,0.031622,0.0639,-0.02,1.84,7,0,high,54.2873,100,77127.7753,77144,0,-0.020567
0x6ade29e43cc2c67e7869dabe84dee99f98907b15a832db5a2e2e4950a5dad0c7,1779693300000,2026-05-25T07:15:00+00:00,77279.7387,15.3336,0.040745,0.025364,0.0663,0.02,1.86,7,0,high,54.5595,100,77249.0487,77280,0,-0.039713
0x37ee429c5ff7233c57f0ed6d8ff6bf79602974b8620c6cce0fa2a13aef8cb054,1779692400000,2026-05-25T07:00:00+00:00,77364.0592,3.1048,-0.034656,-0.019581,0.0347,0.01,1.84,6,0,low,54.7281,100,77336.8321,77364,0,-0.035193
0xdac43bf247dee2a6be2ee4c7accbd9c5c31bb37e6ad0324b2af6646b41159d87,1779691500000,2026-05-25T06:45:00+00:00,77330.5371,0.648,-0.002705,-0.001925,0.0034,0.07,1.85,6,0,low,54.6611,100,77322.1814,77331,0,-0.010805
0x7fd47051bd3221359929fd0b6379c7098539ec1a9a7631df43104ddfb53aa7f2,1779690600000,2026-05-25T06:30:00+00:00,77165.8821,1.1679,0.003096,0.000578,0.004,-0.01,1.84,6,0,low,54.3318,100,77188.8503,77166,1,0.029765
0xf7e177a9ad91ac4aab923877ab8d7b855af88f7c979d123acf8c1de4b642436c,1779689700000,2026-05-25T06:15:00+00:00,77290.9248,1.7002,-0.007056,-0.003088,0.0073,0.53,1.84,6,0,low,54.5818,100,77261.7225,77291,0,-0.037782
0x3abbbba8f04138240008276e789d7e075b72f6f2a6d66421d637611b8025d7e2,1779688800000,2026-05-25T06:00:00+00:00,77317.7955,0.8886,0.001152,0.000223,0.005,0.02,1.83,5,0,low,54.6356,100,77353.5466,77318,1,0.046239
0x412ba5bc45553a887067279cf44ca5edf6266704c2495c24f0fa0989046b2e57,1779687900000,2026-05-25T05:45:00+00:00,77372.8823,1.1966,0.006895,0.001801,0.0069,-0.32,1.84,5,0,low,54.7458,100,77371.933,77373,0,-0.001227
0x4ea89e4d72cd36380b75c553c9484c49ef33c5cded07c573ee7519c1bb0d608e,1779687000000,2026-05-25T05:30:00+00:00,77317.4227,1.9961,-0.010574,-0.003097,0.0121,-0.1,1.84,5,0,low,54.6348,100,77303.6889,77317,0,-0.017763
0x1bc825267645d711f5bd9307f13ebcee62e2a9cb5bb89e746b3072978958b2dd,1779686100000,2026-05-25T05:15:00+00:00,77330.2985,3.3158,-0.048833,-0.028553,0.0495,0.09,1.81,5,0,low,54.6606,100,77348.2312,77330,1,0.02319
0xb054d12aab7043f1c713bbaec42f1b073da7bc804af4b4c10e6af6c5afde18e1,1779685200000,2026-05-25T05:00:00+00:00,77295.573,1.6058,-0.000411,-0.00098,0.0075,0.0,1.82,4,0,low,54.5911,100,77284.0744,77296,0,-0.014876
0xe32cab0de701210e2d34e334032d554359ceb4a91eaf56fef0b363ff9d3401c6,1779684300000,2026-05-25T04:45:00+00:00,77185.2297,4.1715,-0.002678,-0.008923,0.0232,0.15,1.83,4,0,low,54.3705,100,77155.2162,77185,0,-0.038885
0x3182542df8fa279b573160b79ad24876f7204da61f30764b5855d3718d119c31,1779683400000,2026-05-25T04:30:00+00:00,77104.8513,13.283,0.000598,0.005341,0.052,-0.01,1.81,4,0,high,54.2097,100,77130.4114,77105,1,0.03315
0x5d588c9a28009921ee4c247f7e8ba2abffe11783068082ee66e8b30b072bbe8b,1779682500000,2026-05-25T04:15:00+00:00,76984.6624,13.5253,0.014917,0.007553,0.0527,-0.42,1.82,4,0,high,53.9693,100,76945.744,76985,0,-0.050553
0x6c0b75befc89990b302d12921aaf17ebf4c66951944335dcd2536771c459fc28,1779681600000,2026-05-25T04:00:00+00:00,76997.6654,2.9258,0.00974,0.007359,0.0175,-0.0,1.82,3,0,low,53.9953,100,76959.1743,76998,0,-0.04999
0x44e876b254c48a38c3e7aed64d4a0d902f0d6e1ee392111507ab18e5c9d915b4,1779680700000,2026-05-25T03:45:00+00:00,76992.419,1.0375,-0.004268,-0.002747,0.0053,-0.0,1.83,3,0,low,53.9848,100,77004.8279,76992,1,0.016117
0x2cc21fd76d8f49c288c490c7da7ecc6c6b681df138c9b29b34d27eb80eaeee57,1779679800000,2026-05-25T03:30:00+00:00,77009.4995,12.8951,0.037251,0.024247,0.0543,0.11,1.82,3,0,high,54.019,100,76998.7772,77009,0,-0.013923
0x85de3b488797c077196312ad8e7863039f3a0096da646c6ead1a3394e0188902,1779678900000,2026-05-25T03:15:00+00:00,77031.4065,2.556,-0.010478,-0.002428,0.015,-0.14,1.83,3,0,low,54.0628,100,77005.3843,77031,0,-0.033781
0xc4df92a55dddba208a0a11c8572abad6b525c1eb13da9eacb5918e65c5d098ca,1779678000000,2026-05-25T03:00:00+00:00,77008.1471,2.1189,0.008673,0.005371,0.013,-0.09,1.83,2,0,low,54.0163,100,77058.1035,77008,1,0.064872
0x5ed26c537f7444d00234a296d564fe57f12e8a9e879c491bce58c5bacce32bb5,1779677100000,2026-05-25T02:45:00+00:00,77086.7139,9.2291,0.019835,0.025326,0.0526,0.2,1.82,2,0,medium,54.1734,100,77122.839,77087,1,0.046863
0x7d6b8c33882997851189297aebe2c4918211f09f44354133d61634fd31ce797b,1779676200000,2026-05-25T02:30:00+00:00,77004.2346,6.0537,-0.0057,0.010612,0.0242,-0.25,1.82,2,0,medium,54.0085,100,77052.8099,77004,1,0.063081
0x9e09c615301a3f684c0493f15e14414eb10ece94a24757d23c7c38d9155e1012,1779675300000,2026-05-25T02:15:00+00:00,77412.6364,7.7311,-0.053678,-0.017847,0.0549,0.13,1.82,2,0,medium,54.8253,100,77307.7248,77413,0,-0.135523
0x1c02a9a66728006c4f22bf14352ae951418e13cec6c8cf1aebdec4dfc148cc58,1779674400000,2026-05-25T02:00:00+00:00,76947.4236,2.6364,-0.033714,-0.010961,0.0337,0.2,1.81,1,0,low,53.8948,100,76885.919,76947,0,-0.079931
0xabb354cb8da5f34a35257c3738582ed59b28d0ee8ddc7374f406cd4398d3d6cf,1779673500000,2026-05-25T01:45:00+00:00,77039.5459,8.2123,0.048228,0.017715,0.0491,1.95,1.82,1,0,medium,54.0791,100,77101.0361,77040,1,0.079816
0x393b444559975de672ffdab33c71aa2ad22b9f026e8dfcc2aa8c687d33192275,1779672600000,2026-05-25T01:30:00+00:00,77070.2718,1.466,-0.00739,-0.005933,0.0079,0.02,1.82,1,0,low,54.1405,100,77085.8211,77070,1,0.020176
0x5e884ba4b167b218cd62b33bb0bd24f53ba94fe45dd7f0095df525bb0288602c,1779671700000,2026-05-25T01:15:00+00:00,77012.3457,1.4794,0.004615,0.003323,0.0071,0.09,1.84,1,0,low,54.0247,100,77122.742,77012,1,0.143349
0xd3d515cd50ba5b1ba00993c4bf6e0ecd69fb3fe5d8768acda39bc0d5bbf20dac,1779670800000,2026-05-25T01:00:00+00:00,77097.4762,1.5298,-0.002472,-0.002202,0.0104,0.01,1.83,0,0,low,54.195,100,77111.0189,77097,1,0.017566
0xc79f218c597f7ea2e7aefedf9e00c8c161260fde74d421c9260e06d2e46989b2,1779669900000,2026-05-25T00:45:00+00:00,77065.6696,2.2468,-0.006631,-0.002629,0.009,0.09,1.84,0,0,low,54.1313,100,77036.6189,77066,0,-0.037696
0x0163118a6223c191cddcac8d7d1ea67b3dfec346934029b93bc88b61b118b40c,1779669000000,2026-05-25T00:30:00+00:00,77120.6356,5.6415,-0.048075,-0.026713,0.0482,0.08,1.84,0,0,medium,54.2413,100,77147.4905,77121,1,0.034822
0xe28044c212e1dc1502e3196373de5bc459b4a96984a5e04bb91be6bf1f2def37,1779668100000,2026-05-25T00:15:00+00:00,77076.6041,5.7711,0.018589,0.01592,0.0302,-0.08,1.83,0,0,medium,54.1532,100,77101.2965,77077,1,0.032036
0xab41b0fca404a4be518e2e45bc06d8472b74e2e61402adb7500b050d7a3ad0b5,1779667200000,2026-05-25T00:00:00+00:00,77013.9002,16.0281,0.030204,0.02999,0.0667,0.02,1.82,23,6,high,54.0278,100,77009.6549,77014,0,-0.005512
0xeb5742180af843150e6a20425802fa187d40af1e3a308ade25e2cec6e6ab06eb,1779666300000,2026-05-24T23:45:00+00:00,77062.6105,15.88,0.058715,0.036136,0.0743,0.02,1.84,23,6,high,54.1252,100,77089.7787,77063,1,0.035255
0x2526c5a0740e4d9c19f921493df2e58b073d41efc848ef82161e513898bf86bc,1779665400000,2026-05-24T23:30:00+00:00,76755.599,1.6634,0.006351,0.001138,0.0085,-0.06,1.83,23,6,low,53.5112,100,76771.13,76756,1,0.020234
0xba6f026ee7d5a521b1416257398d166eafb401e9a54af5ce0a452d35112d5c98,1779664500000,2026-05-24T23:15:00+00:00,76848.5941,1.916,-0.007636,0.000592,0.0099,0.57,1.83,23,6,low,53.6972,100,76928.4153,76849,1,0.103868
0xda09798c6ce9d103e6fe0a2eaf8c417b33e1262f06fd1c671f4526a8001f95ae,1779663600000,2026-05-24T23:00:00+00:00,76722.7171,17.0663,0.050243,0.034834,0.0715,-0.1,1.82,22,6,high,53.4454,100,76723.819,76723,1,0.001436
0x9ff8a28b0e9438a9380fb86ea347141675845117c8bf01ecb60d6d153359d7cb,1779662700000,2026-05-24T22:45:00+00:00,76627.8252,0.9433,0.001542,-0.000774,0.0026,0.17,1.82,22,6,low,53.2557,100,76704.1937,76628,1,0.099661
0x75913d1c3add6dd09093726bb3c25da47df942bb121456e409b7648975900950,1779661800000,2026-05-24T22:30:00+00:00,76823.5656,4.0416,-0.011436,-0.013748,0.0218,-0.06,1.81,22,6,low,53.6471,100,76775.4841,76824,0,-0.062587
0x3e17f00ebcb2ea16f85bd4b37b877fb44cf6225baea8087b40950ecba69bee80,1779660900000,2026-05-24T22:15:00+00:00,76850.9422,7.5319,0.013776,-0.014048,0.0362,-0.86,1.84,22,6,medium,53.7019,100,76860.1692,76851,1,0.012006
0x5a4e6167cd878abd0571f7c8186cdd3c99886cfc8bcd98e2e15b779b3f9be849,1779660000000,2026-05-24T22:00:00+00:00,76172.6018,10.095,-0.068273,-0.059189,0.0713,-0.79,1.84,21,6,medium,52.3452,100,76162.2118,76173,0,-0.01364
0x43729e1d970b986fcde3402c6758e65f707d460ea248a220adf0eacb71be26c3,1779659100000,2026-05-24T21:45:00+00:00,76176.9509,4.06,-0.018489,-0.019357,0.0285,-0.0,1.83,21,6,low,52.3539,100,76063.2549,76177,0,-0.149252
0xcb3009ac51267e861ec26887d8aa632bd8a2cca5d6d9be99a8cf3667c3242a39,1779658200000,2026-05-24T21:30:00+00:00,76567.3012,3.0745,-0.014695,-0.008076,0.0162,0.07,1.84,21,6,low,53.1346,100,76456.1467,76567,0,-0.145172
0x7364d2be2a0a764795248ca10ad13b9459f2188935f977f63f1270d12c8f3018,1779657300000,2026-05-24T21:15:00+00:00,76588.112,2.0526,0.011047,0.005179,0.0124,-0.05,1.84,21,6,low,53.1762,100,76654.609,76588,1,0.086824
0x0b7f753a15bbd17335dc19f2f69b77d48e740d6d8e4b713f4c4eff722c8ef3a6,1779656400000,2026-05-24T21:00:00+00:00,76584.3412,5.4832,-0.063198,-0.024579,0.0632,-0.01,1.84,20,6,medium,53.1687,100,76597.6579,76584,1,0.017388
0x904671ede75cb4032bb596b02bd3fc578b2c7ff56c95498281c2dbfb760a332b,1779655500000,2026-05-24T20:45:00+00:00,76689.1092,10.8385,-0.071234,-0.026076,0.0739,-0.06,1.83,20,6,medium,53.3782,100,76594.3063,76689,0,-0.12362
0x8ff1f07b82b65511dadce188d2dee986f0090cf8c6b4c838588e3a7fece025c6,1779654600000,2026-05-24T20:30:00+00:00,76550.7395,2.1093,0.02125,0.009175,0.0212,-0.19,1.84,20,6,low,53.1015,100,76596.7557,76551,1,0.060112
0x25cc9bc67f4f6f011694893e5c48f85a7ec646d8868da00091aac8de76b8bf57,1779653700000,2026-05-24T20:15:00+00:00,76662.8623,1.8601,-0.012526,-0.006295,0.0125,-0.27,1.84,20,6,low,53.3257,100,76586.6628,76663,0,-0.099396
0x8d981da31680ab59139bdf725f19a3e4845badfa9223246cbc61f4dacaf5a3b0,1779652800000,2026-05-24T20:00:00+00:00,76707.2095,5.4933,-0.04945,-0.027132,0.0495,0.66,1.83,19,6,medium,53.4144,100,76696.1696,76707,0,-0.014392
0x61729a0ec240ef8082bff4a7f4530a92ccec6635c17fe1ffba3df04fec1860c6,1779651900000,2026-05-24T19:45:00+00:00,76675.9061,2.6613,-0.005199,-0.003948,0.0119,0.08,1.83,19,6,low,53.3518,100,76663.988,76676,0,-0.015543
0x0fa9db66795f205506f2b03fce931a95f939fe0b52906d4d151201b589fda83c,1779651000000,2026-05-24T19:30:00+00:00,76572.6033,1.2258,0.000905,-0.000427,0.0031,-0.0,1.86,19,6,low,53.1452,100,76571.3772,76573,0,-0.001601
0x56025f605239f211265b053b2b507d2dd914fbed4d7186649c5a0df75ad8f9f6,1779650100000,2026-05-24T19:15:00+00:00,76587.5081,1.114,-0.003971,-0.000435,0.0044,0.01,1.83,19,6,low,53.175,100,76540.8931,76588,0,-0.060865
0x9d7ff194c7d999bb46f405892705ad2243594f71034435f8b079a212f04db454,1779649200000,2026-05-24T19:00:00+00:00,76574.0694,13.6977,0.060694,0.042175,0.0619,-0.01,1.81,18,6,high,53.1481,100,76614.8103,76574,1,0.053204
0x4f5eb5926639c3bf92e381515749a313e0ed920793957e4d5318e7341e9afd25,1779648300000,2026-05-24T18:45:00+00:00,76552.9101,14.6292,0.054854,0.039634,0.0642,0.0,1.82,18,6,high,53.1058,100,76593.4985,76553,1,0.05302
0x9edb5ca09a43a410501f985e625a6c6e66a8584c17d7b140bb4c2feb8399f93a,1779647400000,2026-05-24T18:30:00+00:00,76646.5972,3.3572,0.002068,0.003856,0.0173,-0.01,1.84,18,6,low,53.2932,100,76633.8755,76647,0,-0.016598
0x66e39994671af4eaeb35576f714f60c88cd3173132cc2acce1e5f636bd77063b,1779646500000,2026-05-24T18:15:00+00:00,76629.941,4.1122,0.026947,0.017744,0.0289,0.09,1.81,18,6,low,53.2599,100,76642.7266,76630,1,0.016685
0xa952804f247119cf190de2ba8e30fbfeef2857602f00b610fbfab922d1f19b0e,1779645600000,2026-05-24T18:00:00+00:00,76625.6199,14.0506,0.048019,0.039734,0.0638,-0.19,1.82,17,6,high,53.2512,100,76601.3471,76626,0,-0.031677
0x42ebc05faea25421e744a25a100cd1c0e9077a9319abe1532fa60fb348a03e87,1779644700000,2026-05-24T17:45:00+00:00,76638.8746,11.9126,0.006724,0.002291,0.0445,-0.12,1.82,17,6,medium,53.2777,100,76606.6861,76639,0,-0.042
0x121722560ee7ff88ab9f8259e7a8d43112c67c0461fdc7782d4d114d2c596447,1779643800000,2026-05-24T17:30:00+00:00,76587.3313,2.6744,-0.020559,-0.015285,0.0252,-5.44,1.85,17,6,low,53.1747,100,76567.5975,76587,0,-0.025766
0xe11ff1f475861e8f65f3b9552a2e309a5a0000f922dd60de61b2c3c9e3e46064,1779642900000,2026-05-24T17:15:00+00:00,76592.8445,1.8042,0.008953,0.008007,0.0104,-0.02,1.83,17,6,low,53.1857,100,76556.7126,76593,0,-0.047174
0x4ba8efcc690f871a36cb2c6f67afe27ad8efb0a6844bdff293502d246210b541,1779642000000,2026-05-24T17:00:00+00:00,76577.2547,2.1703,0.00725,0.001824,0.0097,-0.0,1.84,16,6,low,53.1545,100,76577.6068,76577,1,0.00046
0xcdf280739da894a1fb3c2df4946760fb3b654d5443e95b00bb56247e392a965d,1779641100000,2026-05-24T16:45:00+00:00,76468.877,2.9522,-0.011818,-0.007082,0.0183,-0.03,1.84,16,6,low,52.9378,100,76422.9633,76469,0,-0.060042
0x44251299664f04ceac2873aaa4e3528479c0ed6ce26735b927eff25c1372bc51,1779640200000,2026-05-24T16:30:00+00:00,76525.1958,3.5959,-0.000528,0.004056,0.014,0.05,1.83,16,6,low,53.0504,100,76507.359,76525,0,-0.023308
0x6c32c29de30f8010ebb3ef6d4ce7afd0c9d0320f5885123583177282d16ce4d3,1779639300000,2026-05-24T16:15:00+00:00,76492.295,12.4206,0.042766,0.027739,0.0544,0.01,1.84,16,6,high,52.9846,100,76508.1712,76492,1,0.020755
0x866387fbe5d37470250d037c3819ef49eb3256a34269903af47dee8cc4703cbd,1779638400000,2026-05-24T16:00:00+00:00,76288.2848,3.1351,-0.012525,-0.010655,0.0186,-0.05,1.82,15,6,low,52.5766,100,76328.7422,76288,1,0.053032
0x09eddd25a9ef31631402f8dca4b5ebabe8bf1b8eebfbc05c789001e28d154d19,1779637500000,2026-05-24T15:45:00+00:00,76381.0116,4.3272,-0.048274,-0.026467,0.0483,0.01,1.85,15,6,low,52.762,100,76389.984,76381,1,0.011747
0xe4fe48a42138f372d4f5e39fe848c3ca329cabce69a26bf0979c066a9e87e7e4,1779636600000,2026-05-24T15:30:00+00:00,76376.4907,18.2348,0.027296,0.027281,0.072,-0.0,1.83,15,6,high,52.753,100,76369.3908,76376,0,-0.009296
0xd3067feef35c4d328886a8ccd4b6af377fd8a428b51a35123b5fa325fe06d4fe,1779635700000,2026-05-24T15:15:00+00:00,76397.5421,13.2126,0.067299,0.039831,0.0679,0.17,1.84,15,6,high,52.7951,100,76428.9846,76398,1,0.041156
0x53b442a53c98569d944889b12a90104266e7ff479cb0c12dd60eadf0365e4e73,1779634800000,2026-05-24T15:00:00+00:00,76373.7514,0.8741,-0.000947,-0.000347,0.003,-0.0,1.83,14,6,low,52.7475,100,76360.9416,76374,0,-0.016772
0x49b3602b878019ffe44dd2aa352677b07c58cad93bcc7c339290bf7f4cc3e0bd,1779633900000,2026-05-24T14:45:00+00:00,76382.6982,4.9562,0.012543,-0.003674,0.0235,-0.16,1.83,14,6,low,52.7654,100,76366.4729,76383,0,-0.021242
0x11350bba3c038d7698f29949ef6fcfd7ff76f5ed72d1b672e8d77a96faf0da9a,1779633000000,2026-05-24T14:30:00+00:00,76349.069,3.3633,0.051558,0.023147,0.0515,-0.44,1.84,14,6,low,52.6981,100,76321.4754,76349,0,-0.036141
0x9b9ab0f57410591a5d4e2bbdcb641f30329efdcde57c9e74333afb9695de802e,1779632100000,2026-05-24T14:15:00+00:00,76426.6951,15.3923,0.040499,0.064549,0.1114,-3.16,1.84,14,6,high,52.8534,100,76449.8885,76427,1,0.030347
0xc8ae89ff8f390b98d427d82347eea50884022b5fb6f197da471fba2cafe32ebb,1779631200000,2026-05-24T14:00:00+00:00,76628.2128,11.103,0.041254,0.022608,0.0551,-0.0,1.83,13,6,medium,53.2564,100,76709.3966,76628,1,0.105945
0x7d65321ac05755cbb1f72254655f389f998fd2d38883516fdd550db9f557eaa3,1779630300000,2026-05-24T13:45:00+00:00,76916.9327,11.0663,-0.017654,-0.007742,0.0456,0.05,1.82,13,6,medium,53.8339,100,76892.5285,76917,0,-0.031728
0xc740729c360626c95b41f4d777f8bcbd553fd8b8c05b782c245cbc22cf51fa2a,1779629400000,2026-05-24T13:30:00+00:00,76949.2152,2.6451,-0.022439,-0.013249,0.0252,0.06,1.82,13,6,low,53.8984,100,76884.1238,76949,0,-0.08459
0x8d4d3c72aa289346fd3734b49a817d4e2cde123019a48205b5089065f49ead00,1779628500000,2026-05-24T13:15:00+00:00,76999.1063,6.0024,-0.068434,-0.032454,0.0685,-0.13,1.84,13,6,medium,53.9982,100,76969.4989,76999,0,-0.038452
0xb297cfdda7e3529bc9a50073c45b60805d31edd9139e25cf8590ce3950407f44,1779627600000,2026-05-24T13:00:00+00:00,77085.4321,10.8401,-0.043942,-0.041944,0.0538,-0.01,1.82,12,6,medium,54.1709,100,77030.0862,77085,0,-0.071798
0xed91fbb457a5df234e2e362895c9bd5371f1b89f9072ee30a7139d252d994a66,1779626700000,2026-05-24T12:45:00+00:00,77018.639,13.896,0.066494,0.03845,0.0689,-0.01,1.84,12,6,high,54.0373,100,77076.7473,77019,1,0.075447
0xde2d4e3a47eede273d09debe9dffa007c9a39590a33d1c89c9c75c045ef86cae,1779625800000,2026-05-24T12:30:00+00:00,77042.2631,10.6579,0.008477,0.001042,0.0414,-0.01,1.84,12,6,medium,54.0845,100,76994.9899,77042,0,-0.06136
0x2c2057537b36280fbaf4a7d7448a9b99aa17e4fa5f08fa1cedcdc81ef7cc159b,1779624900000,2026-05-24T12:15:00+00:00,77139.9391,7.3137,-0.031019,-0.016854,0.0363,0.04,1.83,12,6,medium,54.2799,100,77129.2911,77140,0,-0.013803
0x420f5040ea1dec75a15183b2bc39aee40e6f5f26643b6f186357224050614ece,1779624000000,2026-05-24T12:00:00+00:00,77193.1307,1.6532,-0.005015,-0.001479,0.0067,1.05,1.82,11,6,low,54.3863,100,77233.077,77193,1,0.051749
0x99f345f82acb7e5a847eb704d825ba0e468baa800e0b57d7fa229a3adc736144,1779623100000,2026-05-24T11:45:00+00:00,77169.8199,3.1682,-0.009422,-0.002922,0.0131,0.04,1.82,11,6,low,54.3396,100,77157.5862,77170,0,-0.015853
0x68fe4b5fd4f0b7dd9f31e398414dbe4906f5aadbed0f3af19596330633f83a7b,1779622200000,2026-05-24T11:30:00+00:00,77202.2918,14.0605,0.052539,0.036496,0.0606,0.1,1.83,11,6,high,54.4046,100,77190.7268,77202,0,-0.01498
0xa6af780e6cfcd0c9c12c8c7f37ba23f72588d4e8775d1bc80b259082f2353989,1779621300000,2026-05-24T11:15:00+00:00,77258.2946,2.6762,-0.026032,-0.012642,0.0298,-0.13,1.83,11,6,low,54.5166,100,77205.6041,77258,0,-0.0682
0x1a6574029b71f9e9cbdd9d3fbcb628552a01d4594581db74a7b58aa83f2f6e20,1779620400000,2026-05-24T11:00:00+00:00,77102.6281,0.809,-0.002956,-0.001553,0.0031,-0.01,1.83,10,6,low,54.2053,100,77104.5369,77103,1,0.002476
0xd1c8b29bfe1bcdf63d61f540656bbf2030d0177d6ab80fc05b3866e787646f81,1779619500000,2026-05-24T10:45:00+00:00,77130.0831,3.4112,-0.010568,-0.001316,0.0182,0.01,1.84,10,6,low,54.2602,100,77102.4841,77130,0,-0.035782
0x6145031570eca9700bb69514a9411c51bf21d873cae3ff663ee511f2d533c576,1779618600000,2026-05-24T10:30:00+00:00,77144.0533,18.8868,0.017291,0.009623,0.0732,0.05,1.84,10,6,high,54.2881,100,77123.7383,77144,0,-0.026334
0x6a4b30545824215729edda4e64e3359059907070c2a91b8b87fd02f45da46f35,1779617700000,2026-05-24T10:15:00+00:00,76871.796,2.0244,-0.04237,-0.022806,0.0424,0.21,1.83,10,6,low,53.7436,100,76855.1299,76872,0,-0.02168
0x2ac6398d24df8fe6435d1920a0258318b879c1ef87dd5271a1a276c3b8525de2,1779616800000,2026-05-24T10:00:00+00:00,76967.9166,1.5783,0.002873,0.004528,0.0067,-0.01,1.84,9,6,low,53.9358,100,76928.0586,76968,0,-0.051785
0x067d16dcb437d09045dfb7b671b16341b03c16358331fac5b5a8614856fa1c33,1779615900000,2026-05-24T09:45:00+00:00,76898.8591,7.7941,-0.004197,0.00774,0.0238,0.4,1.84,9,6,medium,53.7977,100,76896.2565,76899,0,-0.003384
0x567e93d7793a7a77f156145463d3ac3fc89cf4416298eaae3282cc4757046b92,1779615000000,2026-05-24T09:30:00+00:00,76818.7164,1.3658,-0.004725,-0.001373,0.0065,0.0,1.85,9,6,low,53.6374,100,76862.9007,76819,1,0.057518
0x176fda65bdb737126b6ae6679ac88101583c7a1a5baabb6b079c939f5246bfa0,1779614100000,2026-05-24T09:15:00+00:00,76851.9475,1.3312,0.004006,0.003501,0.0081,-0.11,1.84,9,6,low,53.7039,100,76800.4523,76852,0,-0.067006
0x1a38292e706677bf5dac6cb790576c1930886e96fe8615a6d15466abbeb5ad35,1779613200000,2026-05-24T09:00:00+00:00,76722.2763,1.001,0.007946,0.003404,0.0084,0.02,1.92,8,6,low,53.4446,100,76780.4032,76722,1,0.075763
0xf886f51ccbda59f112acefb510112f97b2b7f8032d8727598688b82c317fda83,1779612300000,2026-05-24T08:45:00+00:00,76727.1878,0.7658,0.001512,0.000362,0.0026,-0.1,1.83,8,6,low,53.4544,100,76717.7832,76727,0,-0.012257
0x92f587d9f4add8eb3b9b56830880deb8764f445bfb7011a16bbaa4ec8dc739ea,1779611400000,2026-05-24T08:30:00+00:00,76746.2308,13.9967,0.066855,0.042741,0.069,-0.11,1.83,8,6,high,53.4925,100,76723.8591,76746,0,-0.02915
0x625d086f95a407eb305e58fab716032d5d9de32874c6380e8b661250d7286608,1779610500000,2026-05-24T08:15:00+00:00,76689.916,1.9261,-0.018717,-0.010963,0.0217,-0.07,1.82,8,6,low,53.3798,100,76663.2337,76690,0,-0.034792
0x15c4e9ecb5e9b2c442dfd2971fcd87b33f7fd903b9d7f3249909245171ab84a5,1779609600000,2026-05-24T08:00:00+00:00,76692.5852,0.9396,-0.0011,6.9e-05,0.002,0.0,1.82,7,6,low,53.3852,100,76748.1749,76693,1,0.072484
0x11b2eb42c243f1fa9e68c0ab094e7ae08b63893eb0591808fefd1f55fbd4f8f8,1779608700000,2026-05-24T07:45:00+00:00,76758.4642,3.6007,0.024965,0.014999,0.0269,0.03,1.83,7,6,low,53.5169,100,76793.2062,76758,1,0.045261
0x304861e32b144977f36f751e554765fb1bf71c601595ac828865c69ee2b8d4f6,1779607800000,2026-05-24T07:30:00+00:00,76800.1412,0.6674,0.004299,0.00214,0.0043,0.0,1.82,7,6,low,53.6003,100,76812.273,76800,1,0.015797
0xae38645c04654b2e2726684f00fc8ad1674407beb10d8224fdda71046124d1e8,1779606900000,2026-05-24T07:15:00+00:00,76835.5581,2.8287,-0.023607,-0.015737,0.0251,-0.12,1.82,7,6,low,53.6711,100,76806.2626,76836,0,-0.038128
0x3f56e24b211b72e9689e26f7f5bbcabe05af227541ad3a4be0d8beef4867f486,1779606000000,2026-05-24T07:00:00+00:00,76889.5697,0.7016,0.004066,0.001599,0.0041,0.0,1.84,6,6,low,53.7791,100,76945.6507,76890,1,0.072937
0x50caa15b327248cb47d134a73b40afe1e5c20c5d94a838f20f9a455127be5b2e,1779605100000,2026-05-24T06:45:00+00:00,76718.5269,2.0107,-0.002314,-0.002446,0.0075,-0.07,1.82,6,6,low,53.4371,100,76722.1343,76719,1,0.004702
0x2e4b4f8ab7e1afbffb6c1ca998c3582344274a6c2a1dfb264c30f1c90a1ea24c,1779604200000,2026-05-24T06:30:00+00:00,76662.3646,2.2012,-0.002763,0.002446,0.0135,0.08,1.84,6,6,low,53.3247,100,76652.264,76662,0,-0.013175
0x407709ae47a4f7a19619e005db55c2b7466b4a0302a371dfa44b26b86d3401e0,1779603300000,2026-05-24T06:15:00+00:00,76760.6267,8.9896,-0.038272,-0.014859,0.0403,0.04,1.82,6,6,medium,53.5213,100,76762.813,76761,1,0.002848
0x158d97e44716e67e8325859bfa5ce8c2f47805c3f2bd6f40edefc9614331a108,1779602400000,2026-05-24T06:00:00+00:00,76733.8539,0.9903,0.001593,0.000461,0.0028,-0.1,1.81,5,6,low,53.4677,100,76723.38,76734,0,-0.01365
0x4f63ef0610635a012f707afc36e03f17f3a008f9685e3161886e728e53a5798a,1779601500000,2026-05-24T05:45:00+00:00,76570.216,2.4487,0.000373,0.000945,0.0072,0.23,1.82,5,6,low,53.1404,100,76560.849,76570,0,-0.012233
0xf8cd42b633f84d42efe51fd98a3d9de61c1ea93c7c7be584fb41dda44a175267,1779600600000,2026-05-24T05:30:00+00:00,76650.9104,4.0518,0.028232,0.01638,0.0336,-0.22,1.82,5,6,low,53.3018,100,76614.4758,76651,0,-0.047533
0x1dd1c81923c41b1d5ae48ecf87f9a15efa0f06cc010c1a31bbec9f2a145a956d,1779599700000,2026-05-24T05:15:00+00:00,76646.6891,1.1732,0.004706,0.001025,0.007,0.1,1.83,5,6,low,53.2934,100,76674.5959,76647,1,0.03641
0x0b870f2b912d5e27181da34cbda972d47f1cc9411f5b4462fb52db33abe30e7d,1779598800000,2026-05-24T05:00:00+00:00,76740.2073,8.9737,-0.050651,-0.022593,0.0521,0.0,1.82,4,6,medium,53.4804,100,76684.8187,76740,0,-0.072177
0xafbb615520a954e9926dbd900fbee4d0927051e3b626bc79c68d7edd594d69d3,1779597900000,2026-05-24T04:45:00+00:00,76737.9235,11.2372,-0.082453,-0.051486,0.0825,0.03,1.82,4,6,medium,53.4758,100,76683.4131,76738,0,-0.071034
0xf3c430e50c9df0a061fb9a05dcb5200b451a2c16824198db4a30f4d8f5793517,1779597000000,2026-05-24T04:30:00+00:00,76678.6709,0.9885,0.000835,0.000463,0.0029,0.11,1.84,4,6,low,53.3573,100,76673.1304,76679,0,-0.007225
0xafa113053ad0be534ef17fbd8fd53d6978efeb18afac75b5cb685f5a5ca1a5b3,1779596100000,2026-05-24T04:15:00+00:00,76724.9818,1.9269,-0.00678,-0.003819,0.008,0.0,1.83,4,6,low,53.45,100,76746.6734,76725,1,0.028272
0x36ccb0a3f46d22e20681a56869bd07e23eb42d412efecdcddf4cfcedf214ee48,1779595200000,2026-05-24T04:00:00+00:00,76725.6837,3.2091,-0.033985,-0.022122,0.0348,-0.01,1.82,3,6,low,53.4514,100,76715.9404,76726,0,-0.012699
0x91b20bc0875329643a96645ae88c1f0af17d08ee10db1e67990a668ddd28af22,1779594300000,2026-05-24T03:45:00+00:00,76642.0768,3.175,0.020656,0.009514,0.0212,-0.0,1.82,3,6,low,53.2842,100,76663.9127,76642,1,0.028491
0x97be81efc01a9abc813b31e0da7e07706972841843950a0a60f172acccddca8b,1779593400000,2026-05-24T03:30:00+00:00,76855.0048,1.3343,0.005842,0.003697,0.0058,-0.64,1.84,3,6,low,53.71,100,76809.405,76855,0,-0.059332
0xfa54fc4014a298aded269361485d7f6953c1b0afe8e1f103f3b4f072a429226d,1779592500000,2026-05-24T03:15:00+00:00,76896.9134,10.3171,0.001479,-0.002248,0.0388,0.81,1.82,3,6,medium,53.7938,100,76805.7711,76897,0,-0.118525
0x4ec6d823577ddf4c44ca685df4cd22c8588cfe521384e106c21df50a57dee1b9,1779591600000,2026-05-24T03:00:00+00:00,76727.5573,1.4387,0.006954,0.004039,0.0078,-0.0,1.82,2,6,low,53.4551,100,76729.5559,76728,1,0.002605
0xd9dfbe42652f1ff0025b9c55ab38ed04e2b22aa2a99a7f3adb69991ed53ae6c7,1779590700000,2026-05-24T02:45:00+00:00,76740.1041,3.8597,-0.017007,-0.008357,0.0198,0.0,1.82,2,6,low,53.4802,100,76728.4562,76740,0,-0.015178
0x5874b3eae284def5781c5c9ded9576e1b7ec9cbf3839c189ac72f0f021b62a9c,1779589800000,2026-05-24T02:30:00+00:00,76631.1867,10.5031,0.031281,0.010706,0.0443,-0.05,1.88,2,6,medium,53.2624,100,76689.3133,76631,1,0.075852
0x97f35c814464bd0c1bd5f13df66215640780ef811a0d374f48523404226117f8,1779588900000,2026-05-24T02:15:00+00:00,76808.6899,1.0389,0.005299,0.003066,0.0063,1.85,1.82,2,6,low,53.6174,100,76820.7394,76809,1,0.015688
0xc09ad35ccd48efe0e0e789784825b2d05357f7a6bf885a33b44e4ee8ca9522bc,1779588000000,2026-05-24T02:00:00+00:00,76800.2822,5.5822,-0.043954,-0.022111,0.044,0.02,1.82,1,6,medium,53.6006,100,76805.6952,76800,1,0.007048
0x49797af7ea2c268fea0d0d5b228c4e08bdbddc3160b4ec3a8b13226e70e16d0e,1779587100000,2026-05-24T01:45:00+00:00,76731.6998,1.6555,-0.011865,-0.008985,0.0126,0.11,1.83,1,6,low,53.4634,100,76737.6115,76732,1,0.007704
0x419ca10c5e564c77c185a20b8d703a4955dba3671327f8c1a5016f6d844e17cd,1779586200000,2026-05-24T01:30:00+00:00,76774.5322,3.0639,0.019131,0.017741,0.0257,-0.29,1.83,1,6,low,53.5491,100,76807.2609,76775,1,0.04263
0xc5fc08acf01264dc01439ca8ac53eec563d24806fd2843ca49412c27261668ce,1779585300000,2026-05-24T01:15:00+00:00,76694.7644,0.6485,-0.001703,8.4e-05,0.002,0.11,1.82,1,6,low,53.3895,100,76704.9506,76695,1,0.013281
0x56b51ecbbd98340421f3bd2284f0c4e9be352eb5f4262aae5afc04055e01ab3d,1779584400000,2026-05-24T01:00:00+00:00,76748.6559,11.8829,0.036093,0.026612,0.0508,0.01,1.83,0,6,medium,53.4973,100,76747.3622,76749,0,-0.001686
0x25f20f001e3d573b895f9feb6514bbb3b4920f1057c20c0602f3631518897e66,1779583500000,2026-05-24T00:45:00+00:00,76690.7397,2.0674,0.000469,0.004161,0.0107,-0.04,1.81,0,6,low,53.3815,100,76689.7547,76691,0,-0.001284
0x8c49cba77cbf48e1bf8da9edd6ca881004518a7d79218af26e7de3126ad0b3cc,1779582600000,2026-05-24T00:30:00+00:00,76578.1857,1.1524,-0.002406,-0.000949,0.0043,-0.0,1.82,0,6,low,53.1564,100,76613.1506,76578,1,0.045659
0x693c85fdf34e0ceeb49839c9dd31459f9536b408ff3dd274977ac616c85e2193,1779581700000,2026-05-24T00:15:00+00:00,76585.2187,2.9017,0.006723,0.006798,0.0126,-0.08,1.84,0,6,low,53.1704,100,76594.1971,76585,1,0.011723
0x4c8018ec185daab15c8b03de3424dea09bb646e57fd983d2f5b0acd8b4960edc,1779580800000,2026-05-24T00:00:00+00:00,76684.0429,3.4496,-0.027468,-0.010817,0.0275,2.65,1.84,23,5,low,53.3681,100,76663.1888,76684,0,-0.027195
0xa4185d40846621cb613d8d607e714841ae1ec7b361d07f6197579368d32532ef,1779579900000,2026-05-23T23:45:00+00:00,76668.8169,3.4914,0.028279,0.021467,0.0293,-0.01,1.83,23,5,low,53.3376,100,76613.476,76669,0,-0.072182
0xe6ebe2e79a1817621c8b0f4b2033f0b09831434c4930aa62fecbe1af195a6e8f,1779579000000,2026-05-23T23:30:00+00:00,76547.7147,1.8796,-0.016323,-0.013209,0.0172,-0.04,1.84,23,5,low,53.0954,100,76547.0097,76548,0,-0.000921
0x641a4e300cbe7839ad557569771d0ff04bee53cbe53def546bdb8b607f8af97a,1779578100000,2026-05-23T23:15:00+00:00,76659.9581,3.9688,-0.041512,-0.021615,0.0415,0.23,1.84,23,5,low,53.3199,100,76625.381,76660,0,-0.045105
0x0fd3edce72b0fd92e1c85e083cade7a3276c5cc28804ea9678fcde76e1973159,1779577200000,2026-05-23T23:00:00+00:00,76508.0561,14.2985,0.053379,0.037138,0.0631,-0.11,1.82,22,5,high,53.0161,100,76485.1399,76508,0,-0.029953
0x9d9feb914ae3e8b440204087718c367d1201b5086f65842a1d810b8d6083220b,1779576300000,2026-05-23T22:45:00+00:00,76428.4419,2.3354,0.020734,0.006222,0.0207,-0.05,1.84,22,5,low,52.8569,100,76457.8403,76428,1,0.038465
0x6e13643ec6ccef1e6470ce240cff14edac86d8a92952dd0e6a30770f4228a379,1779575400000,2026-05-23T22:30:00+00:00,76553.1359,0.7898,-0.003006,-0.002733,0.0048,-0.07,1.84,22,5,low,53.1063,100,76482.6929,76553,0,-0.092019
0xe330e3ab750be41e46e9616f051bd3e43dab83cef44d2ba321a25df74ef72c74,1779574500000,2026-05-23T22:15:00+00:00,76612.1904,2.2192,-0.008903,-0.00641,0.0114,-0.21,1.83,22,5,low,53.2244,100,76602.4239,76612,0,-0.012748
0xb2cdbfd42911c22f530d5f30ea0c57328037773fd78aa8a65b80ff322295614b,1779573600000,2026-05-23T22:00:00+00:00,76701.8468,1.0537,-0.002421,-0.000383,0.0039,-0.07,1.82,21,5,low,53.4037,100,76726.2818,76702,1,0.031857
0xebc67dbab1acd9d00faccd8431033a99553e4606438421d7663353a9bf7563b8,1779572700000,2026-05-23T21:45:00+00:00,76582.6323,5.5504,0.024438,0.013851,0.0435,-1.55,1.86,21,5,medium,53.1653,100,76606.5662,76583,1,0.031252
0x1236d1f4d6e9d30cf56fcc578ba59a596874f73069234e3b832296b676158c5e,1779571800000,2026-05-23T21:30:00+00:00,76816.862,4.5742,-0.040593,-0.027804,0.0423,-0.0,1.83,21,5,low,53.6337,100,76574.3238,76817,0,-0.315736
0x242bbdafdf990c3d88ddf344c0e07405c5bd84e47e1de6eb584b3a03691d17b6,1779570900000,2026-05-23T21:15:00+00:00,76977.9557,6.4326,0.057202,0.02609,0.061,-1.0,1.81,21,5,medium,53.9559,100,76921.2019,76978,0,-0.073727
0x57efc9d84fd80a92ae53ff7400348849f714e61a7af04aa16cacb0dc11f341a7,1779570000000,2026-05-23T21:00:00+00:00,77116.5245,7.0876,-0.030924,-0.002737,0.04,-0.42,1.82,20,5,medium,54.233,100,77245.0124,77117,1,0.166615
0x9efc34bb089e96ae481394e02f5568b4e483364d4e29755d8e04f94aa787d573,1779569100000,2026-05-23T20:45:00+00:00,76727.6623,5.559,0.013819,0.019614,0.0334,1.75,1.84,20,5,medium,53.4553,100,76782.1549,76728,1,0.071021
0x00463a8c3d2121cfa0e5b97a08c4a047caaf716608a038833d50bf4e5730a279,1779568200000,2026-05-23T20:30:00+00:00,75943.5912,1.3643,-0.000438,-0.001991,0.0068,0.07,1.83,20,5,low,51.8872,100,75905.868,75944,0,-0.049673
0x3819cefb921f948bb6011badad5e77214f3cba0c0fae6853ddbb4f676ae5f162,1779567300000,2026-05-23T20:15:00+00:00,75974.8158,1.7146,0.001408,-0.000792,0.0058,0.0,1.84,20,5,low,51.9496,100,75988.2341,75975,1,0.017662
0xae8b388b22b45868eb826509ed74687b7f0a4beca10c26a0f5df6ff2c0828c4b,1779566400000,2026-05-23T20:00:00+00:00,75837.9339,0.6053,-0.001539,-0.000971,0.002,-0.0,1.83,19,5,low,51.6759,100,75909.8563,75838,1,0.094837
0x24fa077dfb4ac8c6a662c059c8f883fbf3bffe36a9f14990ab0cb632d3ded235,1779565500000,2026-05-23T19:45:00+00:00,75818.4119,1.2798,0.001507,0.001868,0.0068,-0.2,1.83,19,5,low,51.6368,100,75844.1642,75818,1,0.033966
0x4be74de41f206d8f40ca0787bbbcd2d72dac440bf2032f3e258897aedcff623b,1779564600000,2026-05-23T19:30:00+00:00,75840.7422,1.0466,-0.001517,-0.000337,0.0031,-0.11,1.84,19,5,low,51.6815,100,75897.3034,75841,1,0.074579
0xe1e491769ff068505a4118653b18ae377e19b21efd8abc51fe2996dd4d10db74,1779563700000,2026-05-23T19:15:00+00:00,75728.4231,1.2562,0.003121,0.001463,0.0045,-0.02,1.84,19,5,low,51.4568,100,75747.7415,75728,1,0.02551
0xd647d4384ad1aea47ca9cb92eda70cc83d6d9b7c9609ac72a72ba66ce54f185a,1779562800000,2026-05-23T19:00:00+00:00,75779.1986,4.7762,-0.030221,-0.013028,0.0302,-0.01,1.84,18,5,low,51.5584,100,75768.2947,75779,0,-0.014389
0x585c672218855ed333bb3e7d533f1097b998b4b3c52fce95f5cd905c08fc0b47,1779561900000,2026-05-23T18:45:00+00:00,75861.3097,4.5613,-0.030781,-0.023622,0.0329,-0.0,1.82,18,5,low,51.7226,100,75824.0176,75861,0,-0.049158
0x38b0ad9919ebfe58b47cf1695f37249d6be2940dafb76420a3709093433da0f6,1779561000000,2026-05-23T18:30:00+00:00,75760.6851,4.192,-0.016661,-0.017866,0.0319,0.19,1.84,18,5,low,51.5214,100,75792.9715,75761,1,0.042616
0xddd4c31b72e10314c3d0feafca2364978aa63dbfc3fe64507066aac1ed527383,1779560100000,2026-05-23T18:15:00+00:00,75668.1459,6.1398,-0.041342,-0.017215,0.0424,1.18,1.84,18,5,medium,51.3363,100,75629.6115,75668,0,-0.050925
0xd3a16ea2e6d652350a8aa514aa75463e0c8ab18671a7a5010e65a3d4e8ca6481,1779559200000,2026-05-23T18:00:00+00:00,75409.2901,2.0179,0.007938,0.001437,0.0088,0.0,1.82,17,5,low,50.8186,100,75407.5655,75409,0,-0.002287
0xbee56bb2dfe8aa82449538a1cd3bfd94a549bfd9bdd3902fba0629d5d7b4810e,1779558300000,2026-05-23T17:45:00+00:00,75337.048,2.5772,-0.010067,-0.007703,0.0153,-0.11,1.82,17,5,low,50.6741,100,75341.865,75337,1,0.006394
0x7fb6d80b3f59c51fed63e70516940db3ddf820849709d1919fbf75003b487fd2,1779557400000,2026-05-23T17:30:00+00:00,75373.5068,1.6593,0.0024,0.002719,0.0083,-0.16,1.82,17,5,low,50.747,100,75392.1048,75374,1,0.024674
0x4e54e2be251642123e3f289fa62b09efaada34f549b621d5069d43e0d7df1293,1779556500000,2026-05-23T17:15:00+00:00,75355.2631,1.7936,0.010787,0.006014,0.012,-0.65,1.83,17,5,low,50.7105,100,75393.9077,75355,1,0.051283
0x56c64b79268e37650ed1aa5b1c79616a22549b1f6228d997fb7a15056556132e,1779555600000,2026-05-23T17:00:00+00:00,75391.5484,0.7248,0.002439,0.001913,0.0041,-0.0,1.82,16,5,low,50.7831,100,75375.7299,75392,0,-0.020982
0xd478e840bcdb88a0b3119ad197b82d763dbc3a13995bdc592a649cd7d5e31589,1779554700000,2026-05-23T16:45:00+00:00,75433.6471,1.0747,-0.001834,-0.001494,0.0038,-0.0,1.82,16,5,low,50.8673,100,75413.5144,75434,0,-0.026689
0x7ea0c04a99f167130ca768477e734c1d9afe5d312f469237cc803644cc95884f,1779553800000,2026-05-23T16:30:00+00:00,75387.2149,2.0162,-0.018939,-0.01201,0.0234,0.19,1.84,16,5,low,50.7744,100,75418.8563,75387,1,0.041972
0x2929d8bc05979427d8d0a09a57682e652773a339158f85e2dcd7a3f90fbbf1e5,1779552900000,2026-05-23T16:15:00+00:00,75462.2848,2.1671,0.025414,0.018328,0.0258,0.01,1.82,16,5,low,50.9246,100,75450.7161,75462,0,-0.015331
0x8ccc9b21f96f184be83b5fbae8b792f79137664789caaf1a0ab731271f940cd0,1779552000000,2026-05-23T16:00:00+00:00,75434.4812,8.415,0.036142,0.025081,0.039,-0.0,1.82,15,5,medium,50.869,100,75439.1106,75434,1,0.006137
0x503d3fdc026ba95ba5869493d7df54755bcff9296143741c93f0ca34160724ae,1779551100000,2026-05-23T15:45:00+00:00,75426.6045,6.7835,0.041333,0.024336,0.0446,-0.43,1.83,15,5,medium,50.8532,100,75439.0507,75427,1,0.016501
0xc9c460cf06f9b631053d28d653695167e697c14cd0d51f1173e698898dc21735,1779550200000,2026-05-23T15:30:00+00:00,75502.5472,3.6433,-0.015706,-0.009499,0.0164,0.4,1.82,15,5,low,51.0051,100,75466.4897,75503,0,-0.047757
0x177ac8d33b8c277d9b7e6b8ac424f71969868713292ce54c0f8ccde9681fa4df,1779549300000,2026-05-23T15:15:00+00:00,75567.8829,0.7839,0.003126,0.000611,0.0042,-0.16,1.82,15,5,low,51.1358,100,75537.1758,75568,0,-0.040635
0x3cc41724c3d7dabba4aa42c34afa431da87499d7ef8b248f7f629e7143317a10,1779548400000,2026-05-23T15:00:00+00:00,75482.8599,3.0226,-0.025564,-0.012074,0.0279,0.97,1.83,14,5,low,50.9657,100,75453.6823,75483,0,-0.038655
0x55028dd8412243e197422ec4d8528236c9d133e83ca5181d91d5104e38fec81a,1779547500000,2026-05-23T14:45:00+00:00,75410.7192,5.7483,-0.052151,-0.042066,0.0619,-0.0,1.81,14,5,medium,50.8214,100,75391.4268,75411,0,-0.025583
0x16aecc7ca84a058b426ca13593469b28b8a2002aa6c4ea533c14bac6727ab78d,1779546600000,2026-05-23T14:30:00+00:00,75179.7352,3.9501,0.036766,0.026939,0.0403,0.1,1.82,14,5,low,50.3595,100,75264.0402,75180,1,0.112138
0x0c7f2b7a11ee44016bf089de8909a97069ee61c610da11e25bad26a8e569bb2d,1779545700000,2026-05-23T14:15:00+00:00,75169.8959,1.6382,-0.002314,0.001081,0.0067,-0.01,1.82,14,5,low,50.3398,100,75129.2628,75170,0,-0.054055
0xe730afdaaf1a4c9680a2a2ed9949944d21324efc74dbe08f09c6cb27d82e5530,1779544800000,2026-05-23T14:00:00+00:00,75155.8549,2.5914,-0.010056,0.001432,0.0111,-0.11,1.83,13,5,low,50.3117,100,75162.0863,75156,1,0.008291
0x6b940029643b677a17deacd40903b35158d4785de0582d6b6052891508e0cc3f,1779543900000,2026-05-23T13:45:00+00:00,74854.7757,8.7841,0.031254,0.021194,0.0382,-0.22,1.82,13,5,medium,49.7096,100,74857.9279,74855,1,0.004211
0x6fde708095844ed65de25147b655114c92cb65fed53dfa565859f71d9908e4e0,1779543000000,2026-05-23T13:30:00+00:00,74889.9697,2.1112,0.012425,0.006781,0.0139,0.03,1.82,13,5,low,49.7799,100,74916.1384,74890,1,0.034943
0x2c6125a8e5d0e3d31d4f309576422bbc669ee17e258862dcfbd65c9b2224f3a8,1779542100000,2026-05-23T13:15:00+00:00,74857.0543,0.5326,-0.000141,-0.000793,0.002,0.0,1.82,13,5,low,49.7141,100,74875.0919,74857,1,0.024096
0x15fc516f931d1ceb4c3b47a979e6a7d9616df30d2e79a882313ff1154db62af8,1779541200000,2026-05-23T13:00:00+00:00,74681.9268,1.7435,-0.018035,-0.011389,0.019,-0.03,1.81,12,5,low,49.3639,100,74678.6705,74682,0,-0.00436
0xe71c4bff9174b9ad5c6b41bd81b328ec8f40d52822a45fbc27aae1f3b3994b15,1779540300000,2026-05-23T12:45:00+00:00,74680.0226,3.249,-0.037246,-0.014764,0.0374,0.18,1.82,12,5,low,49.36,100,74650.7963,74680,0,-0.039135
0xc991c7e7edcc51332ea37db5521635cae5d3b8c05d9f69dc1ec82e9b399643c6,1779539400000,2026-05-23T12:30:00+00:00,74627.9992,1.6504,0.00581,0.002168,0.0073,0.02,1.84,12,5,low,49.256,100,74657.513,74628,1,0.039548
0x9edaf922a5ca8508865ff0fc8c97a5587b019c40111d54a5d12e5aef9f4fd003,1779538500000,2026-05-23T12:15:00+00:00,74649.9379,0.5848,-0.001672,-0.000718,0.0034,-0.05,1.84,12,5,low,49.2999,100,74642.3698,74650,0,-0.010138
0x1c4c4e19f7aa4c51799dc72410ca8710e3a16b24b582ba85147dd6f9e99f94b9,1779537600000,2026-05-23T12:00:00+00:00,74746.4322,7.3901,-0.033233,-0.019202,0.0342,0.0,1.82,11,5,medium,49.4929,100,74711.584,74746,0,-0.046622
0x13c202d42d9c2ee05885503f459b089dec8dd5449c00f38158be20d18b837bed,1779536700000,2026-05-23T11:45:00+00:00,74738.479,3.14,-0.022352,-0.011763,0.0234,0.05,1.82,11,5,low,49.477,100,74711.9167,74738,0,-0.03554
0xb0d6e31adcd1d58a0ec7465d8c434471e2ffe6c26343b918a6f1652a8b6262f2,1779535800000,2026-05-23T11:30:00+00:00,74777.7565,1.2794,-0.003156,-0.001062,0.0048,-0.02,1.84,11,5,low,49.5555,100,74791.9903,74778,1,0.019035
0xe7ac17ba0d9a136a56e5473ac4fd4a95a3ab89c9685179f5914c809cb122735c,1779534900000,2026-05-23T11:15:00+00:00,74719.3566,0.5275,0.001116,0.000876,0.003,-0.0,1.81,11,5,low,49.4387,100,74724.4232,74719,1,0.006781
0x142df3a83908943d84d4b3bfaaad2bd6a9bd0fe768ed7ac172367d3e1fc38b6e,1779534000000,2026-05-23T11:00:00+00:00,74634.9809,7.7764,0.032999,0.022982,0.0339,-0.01,1.82,10,5,medium,49.27,100,74631.3442,74635,0,-0.004873
0xf3e96727130dd8ce1d06a0c94497b9eda3f966b4caaf6f56e6e898ec47c08552,1779533100000,2026-05-23T10:45:00+00:00,74692.1336,6.7051,0.021325,0.01509,0.0298,0.02,1.82,10,5,medium,49.3843,100,74692.3791,74692,1,0.000329
0x3cfbefe5da3365861b33da7f2f5c138e7266c54937a4232361d20e5e3fe8cb70,1779532200000,2026-05-23T10:30:00+00:00,74661.1584,1.2232,-0.004028,-0.00428,0.0068,0.0,1.83,10,5,low,49.3223,100,74658.3187,74661,0,-0.003803
0x38a417d2927963b1a469c57f8b5c506f955e76b2d28ae49f2d41511e8d2381fc,1779531300000,2026-05-23T10:15:00+00:00,74657.9908,0.7578,0.000614,0.000153,0.0026,-0.02,1.81,10,5,low,49.316,100,74666.96,74658,1,0.012014
0x5bd37c6a776d04f7e6117309a212cf0c69cdb9d10df23d3ac73c7b3c4c2d6c0d,1779530400000,2026-05-23T10:00:00+00:00,74599.612,1.1111,-0.005543,-0.002745,0.0056,-0.1,1.82,9,5,low,49.1992,100,74589.3443,74600,0,-0.013764
0xc8104061dd1465fa116808f1933a9ab296d687657cd159d9b5b67780a09ffaa4,1779529500000,2026-05-23T09:45:00+00:00,74655.8422,1.4344,-0.002364,-0.001087,0.0057,0.03,1.83,9,5,low,49.3117,100,74661.0896,74656,1,0.007029
0x9d32409298e4b8d138488781e0d4fa9daf0a1e2704f98aa97d1750c07406d926,1779528600000,2026-05-23T09:30:00+00:00,74608.446,1.8408,0.000301,-0.002317,0.006,-0.0,1.83,9,5,low,49.2169,100,74614.5935,74608,1,0.00824
0x7b681a60d2b95c6591fe57209a61c174712ca4f93ed1e7655746111f058dc0ec,1779527700000,2026-05-23T09:15:00+00:00,74592.6914,1.6955,-0.016291,-0.009524,0.0167,0.0,1.82,9,5,low,49.1854,100,74580.9245,74593,0,-0.015775
0x61ea4328d06c4790953cb51f837aab1cb06a1f646a9809c55fb314e828cb2bea,1779526800000,2026-05-23T09:00:00+00:00,74604.0601,1.4833,0.006651,0.002595,0.0072,-0.04,1.82,8,5,low,49.2081,100,74607.3252,74604,1,0.004377
0x902fc5e3c60664adbc541b5dd830f29d966c56588ac4ae22836b16851a5c33cc,1779525900000,2026-05-23T08:45:00+00:00,74351.1285,1.9206,-0.014271,-0.007487,0.0154,0.04,1.83,8,5,low,48.7023,100,74363.0492,74351,1,0.016033
0xc1abc43785a63c35e0456724fc4a70748f5c972161c84f129d77b2e06ebe3861,1779525000000,2026-05-23T08:30:00+00:00,74579.2074,4.7131,-0.03865,-0.022003,0.0447,0.03,1.83,8,5,low,49.1584,100,74530.1239,74579,0,-0.065814
0xa6bf1c00124e2c8bb1ceeedbd6e39f6477c9547c435b1ef9b04da4287d125a1b,1779524100000,2026-05-23T08:15:00+00:00,74533.8513,5.7345,-0.054807,-0.034602,0.0602,-0.05,1.82,8,5,medium,49.0677,100,74578.8944,74534,1,0.060433
0xc0239278d74d627881d203919ff69ecb473c518a5ac77deca66d7d17f7f782b2,1779523200000,2026-05-23T08:00:00+00:00,74520.3941,6.8956,-0.011112,-0.008142,0.036,0.29,1.83,7,5,medium,49.0408,100,74544.6441,74520,1,0.032541
0x2275bd02b520de7dd41aa683a2ce35bfe38514350acb2eea55ae7fe73d532bf7,1779522300000,2026-05-23T07:45:00+00:00,75190.0283,1.853,0.013491,0.009685,0.0162,-0.32,1.81,7,5,low,50.3801,100,75139.8547,75190,0,-0.066729
0x3936f9f1fae5708b6590e436223cc5ef0dcfe7e284aba11e5aff6d5410e50c35,1779521400000,2026-05-23T07:30:00+00:00,75187.8068,7.3717,-0.031269,-0.028393,0.0404,-0.29,1.82,7,5,medium,50.3756,100,75205.215,75188,1,0.023153
0x389da37acd0ca47c2da2c6d9e29b18b96313a8fb548f46152130ee84ee2bf071,1779520500000,2026-05-23T07:15:00+00:00,75293.754,2.8346,-0.021903,-0.013679,0.0251,-0.01,1.83,7,5,low,50.5875,100,75272.0222,75294,0,-0.028863
0x21c6374aeda1d7b76bdf13fc60302143755c1e648348c97f9537bc96959babf1,1779519600000,2026-05-23T07:00:00+00:00,75336.9955,2.3692,-0.014515,-0.013062,0.0168,0.17,1.83,6,5,low,50.674,100,75332.7629,75337,0,-0.005618
0xa01a30e1f8458b5b897fb44fcca2e17922a887e2855665d4f6fec0ae346a65d7,1779518700000,2026-05-23T06:45:00+00:00,75367.8617,0.6735,-0.000825,-0.000793,0.0028,0.01,1.82,6,5,low,50.7357,100,75367.4282,75368,0,-0.000575
0xdee5cba229b9c893e84d36d27cd83b0c0344d5f86395c77b51f39c1fb8d374db,1779517800000,2026-05-23T06:30:00+00:00,75407.3153,3.9355,-0.026644,-0.01678,0.0276,0.11,1.82,6,5,low,50.8146,100,75369.2563,75407,0,-0.050471
0x3c70301d3c257d20b7a4642c53fe0625f64dd5c142f988df93b7ffbf0b94fdc7,1779516900000,2026-05-23T06:15:00+00:00,75417.6342,2.2923,-0.008404,-0.009917,0.0158,-0.0,1.83,6,5,low,50.8353,100,75386.9084,75418,0,-0.040741
0x8f1480592cc2956d5095669e8ed20b18a2ccb0260b9f56e7c7b7cdf43262cf5b,1779516000000,2026-05-23T06:00:00+00:00,75389.3213,7.8583,0.036842,0.025484,0.0378,0.0,1.81,5,5,medium,50.7786,100,75401.4892,75389,1,0.01614
0x3734ecc6f5ea612a34a94960c323831dfd4daefa8c3e978df9c9c1303dc605de,1779515100000,2026-05-23T05:45:00+00:00,75410.852,1.4103,0.009521,0.005762,0.0105,-0.06,1.82,5,5,low,50.8217,100,75431.5538,75411,1,0.027452
0xf3a4738b8c9c81c4597b6fff7ee50fc7db746ece8cd5054eb2612fdec5a2ead2,1779514200000,2026-05-23T05:30:00+00:00,75435.0976,2.1626,-0.019552,-0.012891,0.0207,0.13,1.83,5,5,low,50.8702,100,75415.865,75435,0,-0.025496
0xa4c34c10737208d78660414662366d1cab42cdbe0f70e59386c71756b61d3b2d,1779513300000,2026-05-23T05:15:00+00:00,75434.5267,1.2958,0.001793,0.000537,0.0043,0.8,1.83,5,5,low,50.8691,100,75436.6947,75435,1,0.002874
0xe6d448076c63eaa92605a900259acf464dc2fcd63275de81e4ac8c6f8f27d5c9,1779512400000,2026-05-23T05:00:00+00:00,75430.3454,1.272,-0.001182,-0.000557,0.0044,0.21,1.82,4,5,low,50.8607,100,75485.7772,75430,1,0.073487
0x9cf1c41db6318e4f2daa9df2cb8ac5502f61bf7ceec9f35b76d206e50759708e,1779511500000,2026-05-23T04:45:00+00:00,75436.3653,8.6776,0.035627,0.02603,0.0388,-0.0,1.82,4,5,medium,50.8727,100,75428.6102,75436,0,-0.01028
0xbca0e6ffeae3061b81f798b1ab2edc9d84447df5ca2f7f1360b5557c466e93f4,1779510600000,2026-05-23T04:30:00+00:00,75511.7196,2.9034,-0.029013,-0.015016,0.0301,-0.02,1.82,4,5,low,51.0234,100,75514.1373,75512,1,0.003202
0x867b9d58a88848d5753e4a19c5be7357f9a929d3cd0014506db26d2dca6564bc,1779509700000,2026-05-23T04:15:00+00:00,75578.3021,4.5364,0.024334,0.017503,0.0303,-0.01,1.81,4,5,low,51.1566,100,75567.6893,75578,0,-0.014042
0xf8521fa16b52b3088c1adcb1fac46514b4b836ff19738ba738c42808aede4f52,1779508800000,2026-05-23T04:00:00+00:00,75544.3288,1.1576,0.001555,-0.00052,0.0034,-0.01,1.84,3,5,low,51.0887,100,75553.1891,75544,1,0.011729
0xebd941888efd39033616f8b26af98bd9277039cf24ffd7ad526344bcf69052cb,1779507900000,2026-05-23T03:45:00+00:00,75569.5677,0.7973,0.002361,0.001845,0.0035,-0.13,1.82,3,5,low,51.1391,100,75593.5077,75570,1,0.031679
0x5aa7cebdd65e3f65f37e34863dd1c60e78a5ff5d701642e42e49c46e461496aa,1779507000000,2026-05-23T03:30:00+00:00,75513.5986,1.0686,-0.000607,0.000219,0.0031,-0.37,1.83,3,5,low,51.0272,100,75508.388,75514,0,-0.0069
0xd11a9364d26fd80d276038e7010a056e571c6c27b066b78471c68023295a5b4e,1779506100000,2026-05-23T03:15:00+00:00,75524.5199,0.2997,-0.001279,-0.000945,0.0017,-0.01,1.84,3,5,low,51.049,100,75519.7793,75525,0,-0.006277
0x6ae7dc3de2d425eb166b60df904eb945ee1b31189cc557547ae283752e968398,1779505200000,2026-05-23T03:00:00+00:00,75490.6625,5.9518,0.025707,0.01512,0.0263,0.13,1.84,2,5,medium,50.9813,100,75475.17,75491,0,-0.020522
0xc4def84fb0b2f7abc4cb42c6336e5d9ddbfa3c1e15a7210f2524d191da629886,1779504300000,2026-05-23T02:45:00+00:00,75461.9757,3.1612,-0.005422,0.004483,0.0121,-0.21,1.84,2,5,low,50.924,100,75425.8721,75462,0,-0.047843
0x7718059d672d24d9185561806ef0908d2eb3ac1c90cb96074aa965f67ef08d4a,1779503400000,2026-05-23T02:30:00+00:00,75397.244,0.8588,-0.001112,-0.001993,0.0039,-0.01,1.83,2,5,low,50.7945,100,75415.5197,75397,1,0.024239
0xd5c7e2f249517b1b94d9dbd41692161a301ba59ecd9c26ad3e979c01355070a1,1779502500000,2026-05-23T02:15:00+00:00,75420.7359,9.6485,0.023878,0.017531,0.0469,-0.15,1.82,2,5,medium,50.8415,100,75393.8104,75421,0,-0.0357
0x88a7c6214fa3da03c32dc3ce0d8061d9fa9a2d28f87389324993c1a6a96ac9b9,1779501600000,2026-05-23T02:00:00+00:00,75392.6159,0.9641,0.003625,0.001982,0.0048,0.14,1.82,1,5,low,50.7852,100,75417.5516,75393,1,0.033074
0x2bfca3f9fca5e16e263e61fdfa6668ef622843a2a047cefd708b884af03a962f,1779500700000,2026-05-23T01:45:00+00:00,75366.2993,8.0291,0.033226,0.01253,0.0423,0.29,1.84,1,5,medium,50.7326,100,75379.7264,75366,1,0.017816
0x4d0de0dc18b7977525ba0c992f8486bf361ce31b3e2a1f048cca6be5005cbeb3,1779499800000,2026-05-23T01:30:00+00:00,75383.0976,4.7761,-0.000582,-0.000383,0.019,0.0,1.83,1,5,low,50.7662,100,75397.5942,75383,1,0.019231
0xacb5ae841f6023a2935b00037b02cc7d203444cd29507b1db09a79e43e89c36d,1779498900000,2026-05-23T01:15:00+00:00,75349.9245,2.8465,-0.037837,-0.024551,0.0378,-0.03,1.84,1,5,low,50.6998,100,75347.7477,75350,0,-0.002889
0xb389c5c9778fe5efb9ab304aef5455da1ebebc8f1f1e30a9dac26a90ffa9f0e7,1779498000000,2026-05-23T01:00:00+00:00,75316.3831,1.4471,0.003187,0.002136,0.0063,-0.11,1.83,0,5,low,50.6328,100,75283.8483,75316,0,-0.043197
0xb620a966cb33d5732aef451627eaa20023e6c330da5d5257fa7849e3154e8cc0,1779497100000,2026-05-23T00:45:00+00:00,75194.5191,6.1644,-0.014382,0.007635,0.0228,-2.01,1.81,0,5,medium,50.389,100,75202.3352,75195,1,0.010394
0x1d324244b9f458a914f302e291b93adb6ef2f06afd5a1e50fab53bb579f5a14c,1779496200000,2026-05-23T00:30:00+00:00,75358.4576,4.7379,0.005178,-0.011765,0.0251,-0.42,1.83,0,5,low,50.7169,100,75395.9221,75358,1,0.049715
0x8fef6ef460da5a52be90ea08a18958e61d228cbdde0a0d3d8fc5a9a8b5143e2c,1779495300000,2026-05-23T00:15:00+00:00,75425.5254,5.1815,-0.044573,-0.01927,0.0446,0.1,1.84,0,5,medium,50.8511,100,75392.7774,75426,0,-0.043418
0xc7870e4b79906a61d46910572182fb649590621ee68e20105085823f12304703,1779494400000,2026-05-23T00:00:00+00:00,75490.5821,1.9409,-0.008245,-0.006378,0.011,-0.09,1.84,23,4,low,50.9812,100,75467.5121,75491,0,-0.03056
0x45c854398bf029382455434491fb4ea3905d7c33587fc42760542011208c85e9,1779493500000,2026-05-22T23:45:00+00:00,75710.9801,7.4722,0.025107,0.017064,0.0371,0.15,1.82,23,4,medium,51.422,100,75630.179,75711,0,-0.106723
0x491aeaf3884656594c0e08a6e0a2453441985dd72ea6606b39117da48b350a69,1779492600000,2026-05-22T23:30:00+00:00,75682.0085,5.5428,0.013199,0.011291,0.0261,-0.07,1.82,23,4,medium,51.364,100,75622.8096,75682,0,-0.078221
0x41ed6d281c548050e837962efb16a4bb949c4ae1d9e9259b5ac3e971f1080617,1779491700000,2026-05-22T23:15:00+00:00,75754.4472,8.2425,0.027639,0.024346,0.0379,0.0,1.83,23,4,medium,51.5089,100,75768.1423,75754,1,0.018078
0xd3ad67b60bf8bd5d16bc622bf712f26723ab2b562cb087f0706615b4cd103124,1779490800000,2026-05-22T23:00:00+00:00,75652.264,2.1297,0.004889,0.007323,0.0121,-0.0,1.81,22,4,low,51.3045,100,75661.0826,75652,1,0.011657
0x2b87aadb2f43d87da9eb15ff8546eeb8841f6adb1f3ea197d51c2e4f0cc4d964,1779489900000,2026-05-22T22:45:00+00:00,75596.9759,1.588,0.001448,7.1e-05,0.0071,-0.01,1.82,22,4,low,51.194,100,75553.9715,75597,0,-0.056886
0xdba500b56562041a8ffe264233cbf23300667a99339475bd585d04b185595d82,1779489000000,2026-05-22T22:30:00+00:00,75696.1091,1.1397,-0.001245,-0.001053,0.0044,0.07,1.82,22,4,low,51.3922,100,75702.9349,75696,1,0.009017
0xe1ea274f3c32621f5e3debe4e27fdae6b4c56d86ac84ed206dbbfe2d8836b595,1779488100000,2026-05-22T22:15:00+00:00,75798.0063,3.556,0.007449,-0.001152,0.0123,0.1,1.83,22,4,low,51.596,100,75844.2056,75798,1,0.06095
0xc0f2b1bea97627bab68d5552ce9d6c4486a6297e40212f4e7bf1a65623e0a475,1779487200000,2026-05-22T22:00:00+00:00,75891.1468,0.79,-0.000777,-0.000771,0.0024,0.25,1.81,21,4,low,51.7823,100,75908.9887,75891,1,0.02351
0x78cf9ef9ff64e57f827a9b68a3f47576aaa9e7633c6f224ee6b069dd1f2e428f,1779486300000,2026-05-22T21:45:00+00:00,75937.7293,2.7186,-0.039527,-0.019017,0.0395,-0.06,1.82,21,4,low,51.8755,100,75932.531,75938,0,-0.006845
0x9abf1f626e737bae25ed7e8f4c2f05825a920977ccbd23ed39715a2b81a1ef08,1779485400000,2026-05-22T21:30:00+00:00,75926.1212,6.8891,0.029871,0.015116,0.0347,0.24,1.82,21,4,medium,51.8522,100,75962.841,75926,1,0.048363
0x741c1daf6ee9fc2bc88e159a91fda37417c5ca9bc23eea50c253bff21fb18945,1779484500000,2026-05-22T21:15:00+00:00,75896.5102,11.5979,0.043689,0.033164,0.0648,0.12,1.83,21,4,medium,51.793,100,75913.7406,75897,1,0.022703
0xed3e616e6317d8d03f9109813c1f05ec6cacddce68579f0764dec4abf400447e,1779483600000,2026-05-22T21:00:00+00:00,75876.5915,2.6602,0.027518,0.015397,0.0291,-0.03,1.82,20,4,low,51.7532,100,75866.7687,75877,0,-0.012946
0x0492c4770125a50b062cca5cdce6ea340173b46add4cf2346d42aa2992659f71,1779482700000,2026-05-22T20:45:00+00:00,75872.3868,2.2362,-0.01218,-0.002109,0.0122,0.01,1.84,20,4,low,51.7448,100,75838.2943,75872,0,-0.044934
0x0e0f792aea6856e36e2fe1b537611d6e8857b6446fbd946950bb083b158354f8,1779481800000,2026-05-22T20:30:00+00:00,75860.4269,1.3093,-0.00592,-0.001729,0.0072,-0.02,1.83,20,4,low,51.7209,100,75857.4048,75860,0,-0.003984
0xa29f60281ab72d4f042b7e64ff5ef516f7f3ceb3176c8588cf59ede10390f986,1779480900000,2026-05-22T20:15:00+00:00,75883.811,2.6179,0.001928,-0.002896,0.0084,-0.45,1.82,20,4,low,51.7676,100,75834.126,75884,0,-0.065475
0xd82a2ee3ca972f21e9a75137531e33c88767c22faf53a8226039f6fae0459523,1779480000000,2026-05-22T20:00:00+00:00,75797.6689,4.9159,0.014787,0.001248,0.0193,-0.95,1.84,19,4,low,51.5953,100,75783.239,75798,0,-0.019037
0xe4e5d6e6fae316ed241248c9f14e2ad55a71b8e1ce7661c83326975fd84643df,1779479100000,2026-05-22T19:45:00+00:00,75643.0279,9.1392,-0.019586,-0.010311,0.0612,0.34,1.84,19,4,medium,51.2861,100,75706.0261,75643,1,0.083283
0x82ffb9fdef9237715ef3584847d9aa63aa1fac7cb2755f25d17a7012d7c7fb72,1779478200000,2026-05-22T19:30:00+00:00,76267.7433,2.9829,-0.008546,-0.008813,0.0205,-0.1,1.81,19,4,low,52.5355,100,76134.6001,76268,0,-0.174573
0xa521656a226b57d4da0ad195ebe962b4f36212f0b2be5f18f1d6f8f622a8c0c3,1779477300000,2026-05-22T19:15:00+00:00,76184.921,8.8344,-0.02639,0.001766,0.0508,-0.11,1.84,19,4,medium,52.3698,100,76180.8528,76185,0,-0.00534
0xd3213b7c6c20559b79f5bd7c48a6ae7fae22065cdf095c66f7b71cf28b97d1f3,1779476400000,2026-05-22T19:00:00+00:00,76455.5829,1.9789,-0.009687,-0.006945,0.0126,-0.05,1.83,18,4,low,52.9112,100,76448.9086,76456,0,-0.00873
0x442dc9f939c8c22b701a8b40a7ad731425ac80cdffcbc3a69bc0f8bb1ee9af7e,1779475500000,2026-05-22T18:45:00+00:00,76573.8309,7.0463,0.02559,0.016745,0.0382,-0.01,1.84,18,4,medium,53.1477,100,76495.6357,76574,0,-0.102117
0x8664b9b324c52268441fab6472d27ec9a82776669658143ceff229ebdc0f5d27,1779474600000,2026-05-22T18:30:00+00:00,76775.9381,2.6724,-0.038545,-0.023853,0.042,0.76,1.84,18,4,low,53.5519,100,76717.8282,76776,0,-0.075688
0x691c0704070f28a9c366c8517931ea081f0a83be2e203794642f6153c9a11483,1779473700000,2026-05-22T18:15:00+00:00,76690.6526,3.2753,0.021207,0.009638,0.0292,0.27,1.81,18,4,low,53.3813,100,76730.4672,76691,1,0.051916
0x02c837b4727564e734d1f091616cac22ce7a8e4a09ceb72905c128aeff2ea258,1779472800000,2026-05-22T18:00:00+00:00,76685.3653,7.431,0.022604,0.016295,0.0323,-0.19,1.82,17,4,medium,53.3707,100,76688.7449,76685,1,0.004407
0x9cd4792e35981b0eb74c72195a905909a9a2c2d0345dffc6153415ac9992ca11,1779471900000,2026-05-22T17:45:00+00:00,76931.2659,1.7954,-0.018192,-0.012518,0.0198,0.25,1.82,17,4,low,53.8625,100,76889.9551,76931,0,-0.053698
0x0707797e266fb32a1b3889a0422d8af8a6f1fd513fbe06d3a1c986936ed889bc,1779471000000,2026-05-22T17:30:00+00:00,76770.4313,20.2865,0.217003,0.103363,0.2168,0.19,1.84,17,4,high,53.5409,100,77000.6254,76770,1,0.299847
0x9661921fa02619aaa9d267f85ddd043892d336c8b3628e49337fb50c4948939d,1779470100000,2026-05-22T17:15:00+00:00,76889.6558,2.4997,0.017849,0.012935,0.0178,-0.15,1.83,17,4,low,53.7793,100,76901.3079,76890,1,0.015154
0x52c55c39fda2de5534ef336f3fa56ff9f52510699fbff9460e1a87394454bddb,1779469200000,2026-05-22T17:00:00+00:00,76880.0559,1.016,-0.001893,-0.000141,0.0038,-0.22,1.84,16,4,low,53.7601,100,76862.0198,76880,0,-0.02346
0x71e355b5ea469134c19a47cfe8084668ec9d9c330234ceb0934ec1e8fb0b413d,1779468300000,2026-05-22T16:45:00+00:00,76860.7782,3.1906,-0.043111,-0.028077,0.0442,0.09,1.83,16,4,low,53.7216,100,76832.9458,76861,0,-0.036211
0x2a893912e221649f00b26dc920657b52884ce5dcaa7032af02942b447b6664b3,1779467400000,2026-05-22T16:30:00+00:00,76815.7096,1.9771,-0.020894,-0.014881,0.022,0.05,1.81,16,4,low,53.6314,100,76858.3678,76816,1,0.055533
0xd1827083481e6657ce82272d8cea49ecbfff5a45db99fb5e1a9913b38b9da04d,1779466500000,2026-05-22T16:15:00+00:00,76777.6442,3.4337,0.023202,0.013574,0.026,-0.17,1.82,16,4,low,53.5553,100,76781.2015,76778,1,0.004633
0x90fa972f8db19646d525e3d081169fe2eaae0a658e331084ac431cd444b68ab8,1779465600000,2026-05-22T16:00:00+00:00,76716.5821,3.4615,0.015515,0.00675,0.0231,0.15,1.82,15,4,low,53.4332,100,76708.8916,76717,0,-0.010025
0xad3a45869c872767f3da7d2fd2724cba68e761996bd196b5ee3c0e2cfb60dbae,1779464700000,2026-05-22T15:45:00+00:00,76607.2438,6.9344,0.045348,0.026176,0.0453,0.08,1.83,15,4,medium,53.2145,100,76655.4274,76607,1,0.062897
0x6053caee9357a19c563641e43341b8804177bcbfacc3cf676e26e69a56e445b6,1779463800000,2026-05-22T15:30:00+00:00,76745.8406,2.6906,0.019077,0.006823,0.0226,-0.05,1.83,15,4,low,53.4917,100,76836.0784,76746,1,0.11758
0xcb7e3732ff9cc4a6e629b9faaeab43f786bb3605d67526c562f3b12d99bd2f07,1779462900000,2026-05-22T15:15:00+00:00,76748.8812,4.4024,-0.032062,-0.017449,0.0321,0.31,1.82,15,4,low,53.4978,100,76699.0826,76749,0,-0.064885
0x67e94de06e94ddd687584e88cc06543e3aae008879043b1c928be2ed194928b2,1779462000000,2026-05-22T15:00:00+00:00,76733.5891,8.7483,-0.079036,-0.017493,0.0791,-0.01,1.82,14,4,medium,53.4672,100,76679.4333,76734,0,-0.070576
0xa70ca17a61a605d704390f74055a72aa450a547e5f2f8f9937f64febdc0f028e,1779461100000,2026-05-22T14:45:00+00:00,76747.02,5.6918,0.000249,-0.013526,0.0236,-0.1,1.83,14,4,medium,53.494,100,76756.4494,76747,1,0.012286
0x88fbc5a398cdcb1b287354ed130a71a8777397b7cfff2e77af36abb381d110af,1779460200000,2026-05-22T14:30:00+00:00,76830.512,3.8766,-0.028824,-0.011314,0.0324,-0.01,1.84,14,4,low,53.661,100,76783.7748,76831,0,-0.060832
0xfc5f931c4b095ab6cb776f8ce4d79ced63d8b95fb8d6437ab19082bbf71e978f,1779459300000,2026-05-22T14:15:00+00:00,77036.2133,3.8593,-0.046375,-0.031276,0.0466,0.76,1.84,14,4,low,54.0724,100,77006.36,77036,0,-0.038752
0xfde8d27829531ee44e1f571098e4ee01e87e1988c9f7ae866ba62372011b9bb2,1779458400000,2026-05-22T14:00:00+00:00,77143.5634,2.2043,0.006441,0.001677,0.0112,-0.03,1.81,13,4,low,54.2871,100,77143.4717,77144,0,-0.000119
0x12862d6ff308cb361bb241b2fe9d7f1bd517665124ac3b5be6ddd2f4c29cb47e,1779457500000,2026-05-22T13:45:00+00:00,77135.4156,8.5197,0.00092,-0.012254,0.046,-0.42,1.82,13,4,medium,54.2708,100,77164.0067,77135,1,0.037066
0x8f779686e3871c7657bf8dde374c9aec027f9c09f72aae778faeb29256cd1b03,1779456600000,2026-05-22T13:30:00+00:00,77285.4341,1.8058,-0.017104,-0.008188,0.0171,-0.3,1.84,13,4,low,54.5709,100,77218.4365,77285,0,-0.086688
0x2c3c5a790553169374bc31062523b3a69ff816dd13411d2dbc1bfc170e10ec60,1779455700000,2026-05-22T13:15:00+00:00,77458.588,4.4279,0.017828,0.008702,0.0223,0.03,1.84,13,4,low,54.9172,100,77408.7106,77459,0,-0.064392
0x0bf29fe758403674c4e649bb398e0dd58fd14f1069da46de676a2df7a99438cb,1779454800000,2026-05-22T13:00:00+00:00,77425.2419,2.197,-0.025572,-0.012011,0.0256,0.07,1.83,12,4,low,54.8505,100,77454.9593,77425,1,0.038382
0xe8ae9e07932d207518be0546ab1f0e7654fad171d27bac766a9f486afa64effe,1779453900000,2026-05-22T12:45:00+00:00,77357.8437,2.7685,-0.040486,-0.022556,0.0405,0.03,1.84,12,4,low,54.7157,100,77348.4194,77358,0,-0.012183
0xed5ec3c0396bc228c668fa51cac1987e123a2ec4ef1d916db09ca2bc64480997,1779453000000,2026-05-22T12:30:00+00:00,77355.8859,4.5426,-0.009202,-0.000595,0.0208,-0.1,1.83,12,4,low,54.7118,100,77349.3193,77356,0,-0.008489
0x726a3c34153093460aee78dd545c7e93a4b49fc196394179de9ce877c2e7ca2e,1779452100000,2026-05-22T12:15:00+00:00,77440.5956,7.4549,0.027925,0.013693,0.0427,-1.29,1.81,12,4,medium,54.8812,100,77494.9849,77441,1,0.070234
0x8bf32bf7c93832141afa32375d51b8996a62f5a1b6f5c0e1c9ec4b5665930c72,1779451200000,2026-05-22T12:00:00+00:00,77328.8093,3.615,0.010226,0.008777,0.0202,-0.06,1.82,11,4,low,54.6576,100,77357.2291,77329,1,0.036752
0xf776e52c3ec2e3cda4b40e7c1d83f2041daa8cd7525ade9c358632fd4599ee9e,1779450300000,2026-05-22T11:45:00+00:00,77273.5612,1.1712,0.001924,0.000641,0.0053,0.23,1.83,11,4,low,54.5471,100,77275.5648,77274,1,0.002593
0xc050eb26eaa0db6331c29abd378c7d951d01e8fb54eb50af539dc16c6f5d5649,1779449400000,2026-05-22T11:30:00+00:00,77268.7441,4.3136,-0.015935,-0.011777,0.0234,-0.4,1.84,11,4,low,54.5375,100,77251.064,77269,0,-0.022881
0x093c83014263c6647f236a8e4d8b24d09614d7e82ef4830d159b80d743815d49,1779448500000,2026-05-22T11:15:00+00:00,77229.7651,1.4043,-0.003299,-0.003549,0.0068,-0.5,1.82,11,4,low,54.4595,100,77234.8102,77230,1,0.006533
0x70300d861c5910b8ef41adb4c88f2daeefede6c7c95924e1baefab9461fa2962,1779447600000,2026-05-22T11:00:00+00:00,77218.5854,0.3795,0.001048,-0.000209,0.0011,0.0,1.82,10,4,low,54.4372,100,77281.4729,77219,1,0.081441
0x3c3976e0cb5619eab47d38d3d2b5f5e6c730a3359182ee28191d194818719605,1779446700000,2026-05-22T10:45:00+00:00,77274.2345,1.5554,-0.002664,-0.001259,0.0061,-0.0,1.83,10,4,low,54.5485,100,77256.0565,77274,0,-0.023524
0x0142cba0574bbc2d47854aaa788c04d692fe3404210e22c2b36efd803111eaa0,1779445800000,2026-05-22T10:30:00+00:00,77286.3079,0.729,-0.000686,0.000984,0.0025,-0.25,1.82,10,4,low,54.5726,100,77265.2823,77286,0,-0.027205
0xdf2f7f84d0b7b3fb665787af40a2be72586b1aa4a809c0cde98b398aa5de92d4,1779444900000,2026-05-22T10:15:00+00:00,77273.4616,0.9633,-0.002093,0.000716,0.0032,0.0,1.82,10,4,low,54.5469,100,77224.621,77273,0,-0.063205
0x0d47c65f093ccebae7cbcf8ec380ab7946e5421abae2018dfdc8e525e16f2952,1779444000000,2026-05-22T10:00:00+00:00,77242.9311,2.2269,-0.017701,-0.008936,0.0177,0.0,1.82,9,4,low,54.4859,100,77223.1299,77243,0,-0.025635
0xb5fa95eddc463d0383d2fe7458f2c02bfec80c64c11c6011604c476cd11b51c4,1779443100000,2026-05-22T09:45:00+00:00,77258.77,2.1775,-0.013403,-0.009634,0.0156,-0.01,1.81,9,4,low,54.5175,100,77231.7585,77259,0,-0.034962
0xbc35d6ef07a48e5190d30ce3af9032d7fd05d82013f21a6bb6cb27c438f4ec81,1779442200000,2026-05-22T09:30:00+00:00,77217.3258,0.7866,-0.000651,-0.000586,0.0023,-0.02,1.82,9,4,low,54.4347,100,77199.1745,77217,0,-0.023507
0x121939cc8714713a5347067e43a8e6852b377a693da62962de2fd20353dda2e4,1779441300000,2026-05-22T09:15:00+00:00,77176.7984,2.6324,-0.005683,-0.001378,0.0122,-0.02,1.83,9,4,low,54.3536,100,77124.0258,77177,0,-0.068379
0xa29e01a034085028a7d594342ddaee9a718d588bcbe17d84c870619a821bed55,1779440400000,2026-05-22T09:00:00+00:00,77255.3746,4.087,-0.025697,-0.017414,0.0279,-0.01,1.83,8,4,low,54.5107,100,77167.4854,77255,0,-0.113765
0xd0e8926106f6cafa320899f73d2a582272ee5a4605d73825e6619221df9d8c4f,1779439500000,2026-05-22T08:45:00+00:00,77248.9009,3.2762,0.00712,0.010332,0.0201,-2.12,1.83,8,4,low,54.4978,100,77248.0486,77249,0,-0.001103
0xb6609f642c47696068565ac4e0355fbbcdce5c65bc7dea528242840684377932,1779438600000,2026-05-22T08:30:00+00:00,77384.3885,2.5344,-0.003329,-0.005268,0.0121,-0.02,1.82,8,4,low,54.7688,100,77409.4779,77384,1,0.032422
0xa8e71786992e289f89740297f78833ae2ecfeaae7ec934daca92373fcc1e4993,1779437700000,2026-05-22T08:15:00+00:00,77348.2381,0.9779,-0.003456,-0.001994,0.0064,-0.05,1.83,8,4,low,54.6965,100,77345.8248,77348,0,-0.00312
0xc746336e790db7e93a34b684fa3768f43a7c3171d0262d0f2c71dc0a2ab5fe22,1779436800000,2026-05-22T08:00:00+00:00,77342.001,2.4085,-0.020481,-0.009086,0.0205,-0.02,1.81,7,4,low,54.684,100,77328.5438,77342,0,-0.0174
0x7fcb98aeb889770b342a8c6aaa660949c8702ff99c27a4e2cdcf992e36387a7b,1779435900000,2026-05-22T07:45:00+00:00,77432.9664,4.8391,0.008224,0.003821,0.0207,-0.02,1.82,7,4,low,54.8659,100,77398.9651,77433,0,-0.043911
0x35d5cec3104d9a9cf8064d1a16c2f8d9ddbaa52b8b4afe61f619de6f1b720edf,1779435000000,2026-05-22T07:30:00+00:00,77426.0096,1.4871,-0.001855,0.000171,0.004,-0.02,1.84,7,4,low,54.852,100,77429.7702,77426,1,0.004857
0x1c425730cb9287c1a2e45b3c0fb79640c95ef91c8756178a1e54c6da0b793f28,1779434100000,2026-05-22T07:15:00+00:00,77328.0075,1.8068,-0.001304,-0.001473,0.0058,0.01,1.81,7,4,low,54.656,100,77302.5301,77328,0,-0.032947
0xbdea0dff44d638c49076d810a60613e0790ca8306913285e8c67e48eac883de3,1779433200000,2026-05-22T07:00:00+00:00,77341.765,1.9297,-0.016261,-0.009705,0.0163,0.04,1.83,6,4,low,54.6835,100,77346.4238,77342,1,0.006024
0x5d6a0427a3c2451b942fcf15820a2bbb316c6b21098dc95cad00f37d05649576,1779432300000,2026-05-22T06:45:00+00:00,77334.246,0.9093,-0.002297,-0.000813,0.0026,0.39,1.83,6,4,low,54.6685,100,77394.7489,77334,1,0.078236
0xb3d584ea3949c4ea6bce3afd3d88b5b24b6b9a470be8bc27405b1f2a51fe4879,1779431400000,2026-05-22T06:30:00+00:00,77360.026,5.7419,0.008205,-0.001986,0.023,0.15,1.84,6,4,medium,54.7201,100,77404.7144,77360,1,0.057767
0xa24890b99c64351d66b7799476a6326909465d396067f2b16b844b3b7b4ca991,1779430500000,2026-05-22T06:15:00+00:00,77407.3135,2.2911,0.020158,0.010602,0.0209,0.01,1.83,6,4,low,54.8146,100,77413.3208,77407,1,0.007761
0x64e5b966e86a6bbeb4c98d32f437325415dc5817f26a318bb43ad1c486427f69,1779429600000,2026-05-22T06:00:00+00:00,77454.9246,2.0802,-0.02026,-0.012623,0.0224,-0.16,1.84,5,4,low,54.9098,100,77425.2692,77455,0,-0.038287
0xd4b5b6ad1b6f17ab14aba788e2ec68d7a89ebadfe73666784271a98872bdc2cf,1779428700000,2026-05-22T05:45:00+00:00,77557.9589,8.0037,-0.043113,-0.017377,0.0446,0.04,1.83,5,4,medium,55.1159,100,77516.1427,77558,0,-0.053916
0x0dac753231f52699b00fd005253bdfd42030066cc01932ac703c60af4c11edcc,1779427800000,2026-05-22T05:30:00+00:00,77525.2689,1.5467,0.006068,0.003048,0.0085,-0.01,1.83,5,4,low,55.0505,100,77546.3129,77525,1,0.027145
0x924cec04fe83cdc555abb2a57cd4dc0c3d172293c48934aacb2824c2bb59c3cb,1779426900000,2026-05-22T05:15:00+00:00,77616.4162,5.4699,0.004093,-0.00082,0.0195,-0.01,1.82,5,4,medium,55.2328,100,77615.4217,77616,0,-0.001281
0x889570fa6c94bf427e8ee5f03726d8de9bc1009f5ca6c75a5a8a2310da135440,1779426000000,2026-05-22T05:00:00+00:00,77594.6625,1.2659,-0.013076,-0.00881,0.0137,0.2,1.82,4,4,low,55.1893,100,77569.4124,77595,0,-0.032541
0xce61db13a3587d5d7c3520761cf6a3ffa629b5cfa0a428b1eeb27dae3b92be5e,1779425100000,2026-05-22T04:45:00+00:00,77643.0206,1.3542,-0.012309,-0.006841,0.0134,0.09,1.83,4,4,low,55.286,100,77609.4267,77643,0,-0.043267
0xea69d238c13cbd038062bf9df1db6c0a1767e91c09a9f35e19529caeebe3cb19,1779424200000,2026-05-22T04:30:00+00:00,77732.5126,1.3087,0.003728,0.000607,0.0044,-0.09,1.84,4,4,low,55.465,100,77729.5902,77733,0,-0.00376
0xb06029fea1a32fded8d7720485ba5dad194e71dcd868ad60ce7ec5c1bb5881e7,1779423300000,2026-05-22T04:15:00+00:00,77805.7893,3.1579,0.00601,0.001282,0.0141,0.28,1.82,4,4,low,55.6116,100,77806.5301,77806,1,0.000952
0xf56503a447f83d045e0dc5790b04f085f2ff97c9fe4935921e624e431e77f060,1779422400000,2026-05-22T04:00:00+00:00,77716.4465,1.1681,0.000446,-0.00017,0.0034,-0.05,1.83,3,4,low,55.4329,100,77718.2557,77716,1,0.002328
0xda3bdb76ebd63eed62b13f3ab35164fb5a6370d405332456b574b0f8bbf38bba,1779421500000,2026-05-22T03:45:00+00:00,77737.6432,3.8242,-0.032642,-0.021008,0.0349,-0.33,1.82,3,4,low,55.4753,100,77727.9771,77738,0,-0.012434
0x2fe93ad42fd742fd0bf0bd9fddc962890c88ee540b86d8c0badcf8f406ec5291,1779420600000,2026-05-22T03:30:00+00:00,77683.0349,1.174,0.005216,0.003654,0.0066,0.05,1.84,3,4,low,55.3661,100,77730.5087,77683,1,0.061112
0x5207760b8b1e66e823bf529dd3adec713b7608d7d14d4d5c998a4369d9a6d770,1779419700000,2026-05-22T03:15:00+00:00,77653.7932,1.5641,-0.007421,-0.004403,0.008,-0.13,1.83,3,4,low,55.3076,100,77664.3501,77654,1,0.013595
0xc4faad6cb8c23a1d7973f14e01cb4f806cf6face4688b7e2e62300b245270357,1779418800000,2026-05-22T03:00:00+00:00,77577.7431,1.69,0.009904,0.007041,0.011,0.07,1.81,2,4,low,55.1555,100,77601.5968,77578,1,0.030748
0xedc3cb1b0401bd5eea4c1e5907a76776fab0da3be58bede924e1bbe9de7ebe3b,1779417900000,2026-05-22T02:45:00+00:00,77583.2557,1.4721,-0.013753,-0.008121,0.0138,0.1,1.82,2,4,low,55.1665,100,77559.7684,77583,0,-0.030274
0xac3ff37102d070a0394eaa630e44bb9a055f6c8a8817dfb8f1c1cd0a1cf7d7db,1779417000000,2026-05-22T02:30:00+00:00,77584.8206,2.5404,-0.01918,-0.013198,0.0229,0.0,1.83,2,4,low,55.1696,100,77589.2616,77585,1,0.005724
0x0b1969bdbbd9c1e5aad0b19567e3fd49f4234182f1ac3598e03ecd0ad75032ec,1779416100000,2026-05-22T02:15:00+00:00,77600.0608,1.822,-0.010619,-0.004606,0.0115,-0.01,1.83,2,4,low,55.2001,100,77633.5916,77600,1,0.04321
0x46af441045f0247fbe2539da6d1d89874d4e938c1b5643178429ea7a8dd8e68d,1779415200000,2026-05-22T02:00:00+00:00,77501.3574,4.2422,0.031228,0.018899,0.0327,0.01,1.82,1,4,low,55.0027,100,77557.0252,77501,1,0.071828
0xd1d894808f3d42c1de2bfca1a0d7943081b9e84553b567a2f5e8539b7cb89b15,1779414300000,2026-05-22T01:45:00+00:00,77429.861,2.6496,0.021917,0.017838,0.0273,-0.0,1.82,1,4,low,54.8597,100,77449.9921,77430,1,0.025999
0xf6b1647d586ac44ffbd5d4aac7b4fb9ec085bff0fdf1c8eda0614d6936a8dd89,1779413400000,2026-05-22T01:30:00+00:00,77400.8161,1.1174,-0.003536,-0.002793,0.0057,0.18,1.84,1,4,low,54.8016,100,77401.8211,77401,1,0.001298
0x70a82ebc58d78bd1bcd29701a545ad412c7cfb52ce65ca5385d9da2fb7d1d8dc,1779412500000,2026-05-22T01:15:00+00:00,77360.8981,1.2729,0.005301,0.001392,0.0063,-0.42,1.82,1,4,low,54.7218,100,77457.957,77361,1,0.125462
0x3e9d55494954aba13505f58bea5ce23da7ebf61c517e329edcb14fb368e12e41,1779411600000,2026-05-22T01:00:00+00:00,77350.0888,1.5749,-0.00675,-0.006369,0.0086,0.09,1.82,0,4,low,54.7002,100,77282.316,77350,0,-0.087618
0x5973f706a39455bd1f5858bf668cf426c32f150f53da1d0d7eefdbb8421a6521,1779410700000,2026-05-22T00:45:00+00:00,77381.5703,1.9765,-0.000195,-0.000746,0.0062,-0.01,1.82,0,4,low,54.7631,100,77401.0881,77382,1,0.025223
0x2e984a5687be4233723bedf185f8ea97aad6b8bc85653978a81e65e30d9bffb4,1779409800000,2026-05-22T00:30:00+00:00,77448.1958,3.7181,0.018202,0.009634,0.0223,0.2,1.81,0,4,low,54.8964,100,77419.9861,77448,0,-0.036424
0x65d3c5afb93ad626cbbad2914536fe2bc86c4b3b90497f1f29f1f9dec6f6e435,1779408900000,2026-05-22T00:15:00+00:00,77407.292,1.5641,-0.006109,-0.002498,0.0074,0.08,1.82,0,4,low,54.8146,100,77371.7558,77407,0,-0.045908
0x5cdd8529aaa4ca8bf492cce3e41369100a255bb83a33a1870ddade73a8a7c21a,1779408000000,2026-05-22T00:00:00+00:00,77553.5359,5.9152,0.008208,0.004221,0.0242,-0.0,1.82,23,3,medium,55.1071,100,77554.9745,77554,1,0.001855
0x29c2a42edbbac0514262c4ba33d2c9dbd1fde3ecbd096b4a6aafb9f6634f880c,1779407100000,2026-05-21T23:45:00+00:00,77660.3471,0.5519,0.002459,0.001188,0.0031,0.18,1.81,23,3,low,55.3207,100,77624.3832,77660,0,-0.046309
0x0eb717278a4562aa19489fae139c2b065e4f416e8dfb89389457376c39821444,1779406200000,2026-05-21T23:30:00+00:00,77577.3064,0.7987,-0.004237,-0.002012,0.0049,1.15,1.82,23,3,low,55.1546,100,77585.5807,77577,1,0.010666
0xe7913fe1ce192960ea79fa4ebd5dec0aa9d75ca82c4176dffa7f93c37f298cdf,1779405300000,2026-05-21T23:15:00+00:00,77571.2257,4.1114,0.019145,0.013313,0.0213,-0.01,1.82,23,3,low,55.1425,100,77506.7899,77571,0,-0.083067
0xc98521c4e31821104b8b21f84f844dd963c12c06bf61be7e7a3f1935c5cab29a,1779404400000,2026-05-21T23:00:00+00:00,77562.9573,1.6796,0.006845,0.003382,0.0068,-0.05,1.83,22,3,low,55.1259,100,77548.0329,77563,0,-0.019242
0x3aeec45fb4ebe93686443e818388d3b60f63fcc8724fe61994aaa0e32c622d8e,1779403500000,2026-05-21T22:45:00+00:00,77596.2677,1.8394,-0.008823,-0.006052,0.011,-0.1,1.82,22,3,low,55.1925,100,77593.1416,77596,0,-0.004029
0x00c5e357db20498d90a922af02512d30e2aa00075093f48671d5ec87b43da430,1779402600000,2026-05-21T22:30:00+00:00,77595.8551,0.9511,0.003134,4.5e-05,0.004,0.01,1.82,22,3,low,55.1917,100,77623.8106,77596,1,0.036027
0x8367111b6bfcc71719bf85fa3925525852ac2fddeb9faad5673327d895f1a0ce,1779401700000,2026-05-21T22:15:00+00:00,77605.207,1.554,0.000911,0.001875,0.0054,-0.0,1.84,22,3,low,55.2104,100,77578.2162,77605,0,-0.03478
0xda7aefd6dc0f9bdf1f2d7351723e013b5c90d6dfe36c4d61942d180080cd81e4,1779400800000,2026-05-21T22:00:00+00:00,77602.3207,2.1272,-0.013952,-0.00751,0.0146,0.23,1.82,21,3,low,55.2046,100,77617.5093,77602,1,0.019572
0x90d91d14e6640d9b855dd7e0d899ed0c4866dde8697efbacc4cbcf201d6588b8,1779399900000,2026-05-21T21:45:00+00:00,77658.9822,4.7304,-0.009722,-0.015737,0.0244,0.44,1.82,21,3,low,55.318,100,77655.3244,77659,0,-0.00471
0xb82498c8edc7920f3b799393db872c5cae36d92bb20eb3a21d20b24e495d20cd,1779399000000,2026-05-21T21:30:00+00:00,77715.462,1.8626,-0.010574,-0.003803,0.0124,0.56,1.82,21,3,low,55.4309,100,77756.8935,77715,1,0.053312
0x11ca8b34a4635175556c0961582a4cc4f28838d5cbacb99ea1cb7e2e87f8ec58,1779398100000,2026-05-21T21:15:00+00:00,77706.9272,1.086,-0.004887,-0.001886,0.0073,0.08,1.83,21,3,low,55.4139,100,77715.9234,77707,1,0.011577
0xac607fa1a1dcf8be6b60048134b571648388a323439865105b7abe5eb323818b,1779397200000,2026-05-21T21:00:00+00:00,77615.294,1.9405,0.01145,0.00629,0.0121,0.63,1.82,20,3,low,55.2306,100,77645.4552,77615,1,0.03886
0xa8f264b1e3017c5aba107bbe5748620eb726e8fb15199ceb982b99bcc310f5a6,1779396300000,2026-05-21T20:45:00+00:00,77595.2758,2.9609,0.021642,0.009501,0.0224,0.0,1.82,20,3,low,55.1906,100,77648.5173,77595,1,0.068614
0x7b4b37d344c847bfc53e0a32e41bd6344bdad1dd44b0d2897de4af40be9a3a80,1779395400000,2026-05-21T20:30:00+00:00,77630.7398,1.4282,-0.00848,-0.003672,0.0085,-0.16,1.83,20,3,low,55.2615,100,77637.4958,77631,1,0.008703
0x87e66efa26025a9e85990e8cb70fa15e3730a57b3285b48c797e181ee8fe4146,1779394500000,2026-05-21T20:15:00+00:00,77615.6587,5.6017,0.028835,0.015392,0.0356,0.05,1.82,20,3,medium,55.2313,100,77647.7518,77616,1,0.041349
0x58f9c20dff665a1ca1d2eea44db903525dd1a181d111b77807c2a1fe137d088b,1779393600000,2026-05-21T20:00:00+00:00,77681.3028,2.8255,-0.01984,-0.004383,0.0198,0.08,1.84,19,3,low,55.3626,100,77642.7012,77681,0,-0.049692
0xa81d6b310cb8969e3606397916537a0599cbd824e7b719ceec76272d9b1692f0,1779392700000,2026-05-21T19:45:00+00:00,77548.8206,1.7424,0.005582,0.001346,0.0093,1.28,1.82,19,3,low,55.0976,100,77568.9019,77549,1,0.025895
0x929f66e1b821af4a431ef1ca5d690a7df4d176d53ef586dfb6f98564f7ededa7,1779391800000,2026-05-21T19:30:00+00:00,77521.5975,1.7906,-0.010569,-0.008085,0.0137,0.27,1.81,19,3,low,55.0432,100,77472.1502,77522,0,-0.063785
0x4de590640067496a00fba98e30204ebfa6870115660756e17c4429e339bf18ca,1779390900000,2026-05-21T19:15:00+00:00,77501.2608,5.9486,0.046057,0.024703,0.046,-0.06,1.84,19,3,medium,55.0025,100,77488.8472,77501,0,-0.016017
0x13fc9b7b5eab369c696388d504d30ce2f98880d07e91e201c5679c7afd326fcd,1779390000000,2026-05-21T19:00:00+00:00,77287.5738,6.4064,-0.019641,0.00563,0.035,-0.48,1.83,18,3,medium,54.5751,100,77315.251,77288,1,0.035811
0x1c82764fe110093762fa632b059ad5e7747a6546079926babfad1209693b77c4,1779389100000,2026-05-21T18:45:00+00:00,77705.2371,3.3746,0.009981,0.000754,0.0146,-0.08,1.81,18,3,low,55.4105,100,77702.6972,77705,0,-0.003269
0x1f4b3371a4782e274025b20e8020278739d285516e32371bb0d04785c2400bb4,1779388200000,2026-05-21T18:30:00+00:00,77742.5436,3.2598,0.032475,0.02095,0.0337,-0.1,1.82,18,3,low,55.4851,100,77688.1659,77743,0,-0.069946
0x2d0622f283879c24227d17c0c1ff186a82245022227894c3ca057607caf61eab,1779387300000,2026-05-21T18:15:00+00:00,77673.5102,2.6971,-0.031401,-0.013768,0.0314,-0.02,1.82,18,3,low,55.347,100,77651.6638,77674,0,-0.028126
0x03eb4760501951f85fdbb13b463ca3a4b7fe52f55bd8b7400f0b758702e6ec53,1779386400000,2026-05-21T18:00:00+00:00,77938.7496,5.1683,-0.063492,-0.040179,0.0636,-0.09,1.83,17,3,medium,55.8775,100,77833.3606,77939,0,-0.13522
0xc17c69f273f4c6908f632c8b722ac0e7d322349cd524eb3dfc4a7c690ad9faff,1779385500000,2026-05-21T17:45:00+00:00,77855.0034,3.7764,0.005499,0.009322,0.0228,0.32,1.82,17,3,low,55.71,100,77851.9809,77855,0,-0.003882
